Sample	name_haplo_VCF	ena_prj	Bam	Genus	Species	Site_Region	Site_updated	Country	Lat	Long	Meta_Population	Cov_reported	Mean_Depth	BoC.	Spcode	Age_Mean_BP	Wolf_Dog_PCA	Dog_PCA
AH575	AH575		/projects/racimolab/people/qcj125/MUNICH_FILES/PUBLISHED_BAMS/PUBLISHED/AH575_reheader.bam	Canis	lupus	AufhausenerHoehle	AufhausenerHoehle2	Germany	48.59	9.76	Pleistocene_Wolves	1.53	1.14	64.07	W	57233	Pleistocene_Wolves	Wolves
AL2022_Turkey	AL2022_Turkey		/projects/racimolab/people/qcj125/MUNICH_FILES/PUBLISHED_BAMS/PUBLISHED/AL2022_Turkey_rmdup.bam	Canis	familiaris	Marmara	Marmara1	Turkey	41.01	28.93	African_NearEast_India_Dogs	2.6	2.84	90.83	D	1565	Dogs	African_NearEast_India_Dogs
AL2350_Botai	AL2350_Botai		/projects/racimolab/people/qcj125/MUNICH_FILES/PUBLISHED_BAMS/PUBLISHED/AL2350_Botai_rmdup.bam	Canis	lupus	Botai	Botai1	Kazakhstan	53.22	67.87	Eastern_Eurasian_Wolves	1.43	1.52	75.5	W	5169	Eastern_Eurasian_Wolves	Wolves
AL2397_Italy	AL2397_Italy		/projects/racimolab/people/qcj125/MUNICH_FILES/PUBLISHED_BAMS/PUBLISHED/AL2397_Italy_rmdup.bam	Canis	familiaris	BelverdeDiCetona	BelverdeDiCetona1	Italy	42.96	11.9	European_Dogs	1.5	1.81	80.61	D	4000	Dogs	European_Dogs
AL2541	AL2541		/projects/racimolab/people/qcj125/MUNICH_FILES/PUBLISHED_BAMS/PUBLISHED/AL2541_rmdup_chrn.bam	Canis	lupus	Goyet	Goyet1	Belgium	50.44	5.01	Pleistocene_Wolves	0.79	1.07	62.37	W	34030	Pleistocene_Wolves	Wolves
AL2571_Iran	AL2571_Iran		/projects/racimolab/people/qcj125/MUNICH_FILES/PUBLISHED_BAMS/PUBLISHED/AL2571_Iran_rmdup.bam	Canis	familiaris	TepeGhelaGap	TepeGhelaGap1	Iran	36.46	47.07	African_NearEast_India_Dogs	1.1	1.52	72.87	D	5826	Dogs	African_NearEast_India_Dogs
AL2741	AL2741		/projects/racimolab/people/qcj125/MUNICH_FILES/PUBLISHED_BAMS/PUBLISHED/AL2741_rmdup_chrn.bam	Canis	lupus	Razboinichya	Razboinichya1	Russia	51.3	84.47	Pleistocene_Wolves	1.55	1.72	80.12	W	81793	Pleistocene_Wolves	Wolves
AL2744	AL2744		/projects/racimolab/people/qcj125/MUNICH_FILES/PUBLISHED_BAMS/PUBLISHED/AL2744_reheader.bam	Canis	lupus	Razboinichya	Razboinichya2	Russia	51.3	84.47	Pleistocene_Wolves	3.04	3.09	93.2	W	28345	Pleistocene_Wolves	Wolves
AL3185_Pietrele	AL3185_Pietrele		/projects/racimolab/people/qcj125/MUNICH_FILES/PUBLISHED_BAMS/PUBLISHED/AL3185_Pietrele_rmdup.bam	Canis	lupus	Pietrele	Pietrele1	Romania	43.88	24.93	Western_Eurasian_Wolves	4.21	4.52	96.1	W	6307	Western_Eurasian_Wolves	Wolves
ALPO01_02	ALPO01_02		/projects/racimolab/people/qcj125/MUNICH_FILES/PUBLISHED_BAMS/PUBLISHED/ALPO01_02_P8903_1001_S1_L001_seqprep_reheader.bam	Canis	familiaris	AlymasPodunavlje	AlymasPodunavlje1	Croatia	45.53	18.95	European_Dogs	1.6	1.62	78.31	D	4500	Dogs	European_Dogs
ASHQ01_P8903	ASHQ01_P8903		/projects/racimolab/people/qcj125/MUNICH_FILES/PUBLISHED_BAMS/PUBLISHED/ASHQ01_P8903_1002_S2_L002_seqprep_reheader.bam	Canis	familiaris	Ashkelon	Ashkelon1	Israel	31.67	34.57	African_NearEast_India_Dogs	2.4	2.61	88.54	D	2300	Dogs	African_NearEast_India_Dogs
ASHQ06_P8903	ASHQ06_P8903		/projects/racimolab/people/qcj125/MUNICH_FILES/PUBLISHED_BAMS/PUBLISHED/ASHQ06_P8903_1003_S3_L003_seqprep_reheader.bam	Canis	familiaris	Ashkelon	Ashkelon2	Israel	31.67	34.57	African_NearEast_India_Dogs	1.8	1.94	82.01	D	2300	Dogs	African_NearEast_India_Dogs
ASHQ08_P8903	ASHQ08_P8903		/projects/racimolab/people/qcj125/MUNICH_FILES/PUBLISHED_BAMS/PUBLISHED/ASHQ08_P8903_1004_S4_L004_seqprep_reheader.bam	Canis	familiaris	Ashkelon	Ashkelon3	Israel	31.67	34.57	African_NearEast_India_Dogs	2.2	2.3	85.98	D	2300	Dogs	African_NearEast_India_Dogs
C32_Gelyakh	C32_Gelyakh		/projects/racimolab/people/qcj125/MUNICH_FILES/PUBLISHED_BAMS/PUBLISHED/C32_Gelyakh_Uruya_merged_P8902_seqprep_reheader.bam	Canis	familiaris	Bulgunnyakhtakh	Bulgunnyakhtakh1	Russia	70.7	138.21	Arctic_Dogs	7.2	7.27	98.71	D	100	Dogs	Arctic_Dogs
C5_Krasnosamarskoe	C5_Krasnosamarskoe		/projects/racimolab/people/qcj125/MUNICH_FILES/PUBLISHED_BAMS/PUBLISHED/C5_Krasnosamarskoe_merged_P8902_seqprep_reheader.bam	Canis	familiaris	Krasnosamarskoe	Krasnosamarskoe1	Russia	52.8	51.1	Arctic_Dogs	0.6	0.66	46.73	D	3800	Dogs	Arctic_Dogs
C62_Apalle	C62_Apalle		/projects/racimolab/people/qcj125/MUNICH_FILES/PUBLISHED_BAMS/PUBLISHED/C62_Apalle_merged_P8902_seqprep_reheader.bam	Canis	familiaris	Apalle	Apalle1	Sweden	59.7	17.6	European_Dogs	0.7	0.78	49.87	D	3100	Dogs	European_Dogs
C88_Gokhem	C88_Gokhem		/projects/racimolab/people/qcj125/MUNICH_FILES/PUBLISHED_BAMS/PUBLISHED/C88_Gokhem_DNA49_PON001_merged_reheader.bam	Canis	familiaris	Fralsegardenm	Fralsegardenm1	Sweden	58.1	13.24	European_Dogs	0.7	0.73	50.21	D	1150	Dogs	European_Dogs
C89_Ajvide	C89_Ajvide		/projects/racimolab/people/qcj125/MUNICH_FILES/PUBLISHED_BAMS/PUBLISHED/C89_Ajvide_DNA51_PON003_merged_reheader.bam	Canis	familiaris	Ajvide	Ajvide1	Sweden	57.17	18.12	European_Dogs	2.2	2.21	86.85	D	4800	Dogs	European_Dogs
C90_Ajvide	C90_Ajvide		/projects/racimolab/people/qcj125/MUNICH_FILES/PUBLISHED_BAMS/PUBLISHED/C90_Ajvide_DNA54_PON006_merged_reheader.bam	Canis	familiaris	Ajvide	Ajvide2	Sweden	57.17	18.12	European_Dogs	0.6	0.57	42.34	D	4800	Dogs	European_Dogs
CANIS-ALAS-024	CANIS-ALAS-024		/projects/racimolab/people/qcj125/MUNICH_FILES/PUBLISHED_BAMS/PUBLISHED/ALAS_024.bam	Canis	lupus	LillianCreek	LillianCreek1	USA	65.51	-148.57	Pleistocene_Wolves	1.04	1.24	69.11	W	82674	Pleistocene_Wolves	Wolves
CANIS-HMNH-007	CANIS-HMNH-007		/projects/racimolab/people/qcj125/MUNICH_FILES/PUBLISHED_BAMS/PUBLISHED/HMNH_007.bam	Canis	lupus	Istallosko	Istallosko1	Hungary	48.07	20.43	Western_Eurasian_Wolves	1.09	1.2	68.55	W	3525	Western_Eurasian_Wolves	Wolves
CGG23	CGG23		/projects/racimolab/people/qcj125/MUNICH_FILES/PUBLISHED_BAMS/PUBLISHED/CGG23.CanFam3.1Y.rmdup.bam	Canis	lupus	Yana	Yana8	Russia	70.72	135.43	Pleistocene_Wolves	4.7	3.39	91.2	W	33020	Pleistocene_Wolves	Wolves
CGG29	CGG29		/projects/racimolab/people/qcj125/MUNICH_FILES/PUBLISHED_BAMS/PUBLISHED/CGG29.CanFam3.1Y.rmdup.bam	Canis	lupus	BungeToll	BungeToll1	Russia	68.92	134.48	Pleistocene_Wolves	6.56	3.13	93.05	W	48210	Pleistocene_Wolves	Wolves
CGG32	CGG32		/projects/racimolab/people/qcj125/MUNICH_FILES/PUBLISHED_BAMS/PUBLISHED/CGG32.CanFam3.1Y.rmdup.bam	Canis	lupus	Tirekhtyakh	Tirekhtyakh4	Russia	68.89	147.21	Pleistocene_Wolves	14.55	14.51	99.32	W	50000	Pleistocene_Wolves	Wolves
CGG33	CGG33		/projects/racimolab/people/qcj125/MUNICH_FILES/PUBLISHED_BAMS/PUBLISHED/CGG33.CanFam3.1Y.rmdup.bam	Canis	lupus	UlakhanSular	UlakhanSular2	Russia	61.61	129.23	Pleistocene_Wolves	15.28	15.95	99.28	W	16864	Pleistocene_Wolves	Wolves
CGG6	CGG6		/projects/racimolab/people/qcj125/MUNICH_FILES/PUBLISHED_BAMS/PUBLISHED/CGG6.CanFam3.1Y.rmdup.bam	Canis	familiaris	Zhokhov	Zhokhov1	Russia	76.14	152.73	Arctic_Dogs	9.7	4.77	96.95	D	9515	Dogs	Arctic_Dogs
CLIO-VAL-050	CLIO-VAL-050		/projects/racimolab/people/qcj125/MUNICH_FILES/PUBLISHED_BAMS/PUBLISHED/VAL_050.bam	Canis	lupus	Ogorokha	Ogorokha1	Russia	68.23	146.85	Pleistocene_Wolves	3.29	3.44	94.57	W	36050	Pleistocene_Wolves	Wolves
CTC	CTC		/projects/racimolab/people/qcj125/MUNICH_FILES/PUBLISHED_BAMS/PUBLISHED/CTC_SRR3417116_rmdup.bam	Canis	familiaris	CherryTreeCave	CherryTreeCave1	Germany	49.8	10.8	European_Dogs	9.2	9.04	98.6	D	4716	Dogs	European_Dogs
Dog1-PU	Dog1-PU		/projects/racimolab/people/qcj125/MUNICH_FILES/PUBLISHED_BAMS/PUBLISHED/Dog1-PU.CanFam3.1Y.rmdup.bam	Canis	familiaris	Parknabinnia	Parknabinnia1	Ireland	53	-9.1	European_Dogs	4.17	4.21	97.69	D	2733	Dogs	European_Dogs
DS-CANIS-ALAS-0016	DS-CANIS-ALAS-0016		/projects/racimolab/people/qcj125/MUNICH_FILES/PUBLISHED_BAMS/PUBLISHED/ALAS_016.bam	Canis	lupus	Titaluk	Titaluk1	USA	69.72	-155.26	Pleistocene_Wolves	2.94	3.28	92.4	W	15542	Pleistocene_Wolves	Wolves
DS-CANIS-HMNH-011	DS-CANIS-HMNH-011		/projects/racimolab/people/qcj125/MUNICH_FILES/PUBLISHED_BAMS/PUBLISHED/HMNH_011.bam	Canis	lupus	Leanybarlang	Leanybarlang1	Hungary	47.7	18.83	Western_Eurasian_Wolves	1.4	1.58	76.98	W	6719	Western_Eurasian_Wolves	Wolves
DS-WOL-VAL-011	DS-WOL-VAL-011		/projects/racimolab/people/qcj125/MUNICH_FILES/PUBLISHED_BAMS/PUBLISHED/VAL_011.bam	Canis	lupus	Uyandina	Uyandina1	Russia	68.43	145.74	Pleistocene_Wolves	1.14	1.28	67.92	W	22553	Pleistocene_Wolves	Wolves
F3781_Siberia	F3781_Siberia		/projects/racimolab/people/qcj125/MUNICH_FILES/PUBLISHED_BAMS/PUBLISHED/F3781_Siberia_LOW004_P6863_1003_L003_Undetermined_seqprep_reheader.bam	Canis	familiaris	Chukotka	Chukotka1	Russia	69.62	164.33	Arctic_Dogs	0.8	0.89	55.61	D	100	Dogs	Arctic_Dogs
HXH	HXH		/projects/racimolab/people/qcj125/MUNICH_FILES/PUBLISHED_BAMS/PUBLISHED/HXH_SRR3417117_rmdup.bam	Canis	familiaris	Herxheim	Herxheim1	Germany	49.15	8.22	European_Dogs	9.4	9.15	99.22	D	7081	Dogs	European_Dogs
IN18-005	IN18-005		/projects/racimolab/people/qcj125/MUNICH_FILES/PUBLISHED_BAMS/PUBLISHED/IN18_005.bam	Canis	lupus	BeleyaGora	BeleyaGora1	Russia	68.6	147.19	Pleistocene_Wolves	1.71	1.85	75.67	W	18148	Pleistocene_Wolves	Wolves
JAL385	JAL385		/projects/racimolab/people/qcj125/MUNICH_FILES/PUBLISHED_BAMS/PUBLISHED/JAL385_reheader.bam	Canis	lupus	Fairbanks	Fairbanks1	USA	67.41	-150.11	Pleistocene_Wolves	4.82	3.94	96.59	W	37616	Pleistocene_Wolves	Wolves
JAL48	JAL48		/projects/racimolab/people/qcj125/MUNICH_FILES/PUBLISHED_BAMS/PUBLISHED/JAL48_reheader.bam	Canis	lupus	Fairbanks	Fairbanks2	USA	64.95	-147.63	Pleistocene_Wolves	1.46	1.1	65.09	W	89816	Pleistocene_Wolves	Wolves
JAL69	JAL69		/projects/racimolab/people/qcj125/MUNICH_FILES/PUBLISHED_BAMS/PUBLISHED/JAL69_reheader.bam	Canis	lupus	Fairbanks	Fairbanks4	USA	64.86	-147.98	Pleistocene_Wolves	1.28	1.37	66.64	W	37604	Pleistocene_Wolves	Wolves
JK2174	JK2174		/projects/racimolab/people/qcj125/MUNICH_FILES/PUBLISHED_BAMS/PUBLISHED/JK2174_reheader.bam	Canis	lupus	HoehleFels	HoehleFels1	Germany	48.2	9.45	Western_Eurasian_Wolves	4.7	4.55	94.21	W	31364	Western_Eurasian_Wolves	Wolves
JK2175	JK2175		/projects/racimolab/people/qcj125/MUNICH_FILES/PUBLISHED_BAMS/PUBLISHED/JK2175_reheader.bam	Canis	lupus	HoehleFels	HoehleFels2	Germany	48.2	9.45	Western_Eurasian_Wolves	1.36	1.3	69.07	W	33163	Western_Eurasian_Wolves	Wolves
JK2179	JK2179		/projects/racimolab/people/qcj125/MUNICH_FILES/PUBLISHED_BAMS/PUBLISHED/JK2179_reheader.bam	Canis	lupus	HoehleFels	HoehleFels3	Germany	48.2	9.45	Western_Eurasian_Wolves	3.18	3.04	90.19	W	13229	Western_Eurasian_Wolves	Wolves
JK2183	JK2183		/projects/racimolab/people/qcj125/MUNICH_FILES/PUBLISHED_BAMS/PUBLISHED/JK2183_reheader.bam	Canis	lupus	HoehleFels	HoehleFels5	Germany	48.2	9.45	Western_Eurasian_Wolves	7.76	7.62	95.87	W	32366	Western_Eurasian_Wolves	Wolves
LOW002	LOW002		/projects/racimolab/people/qcj125/MUNICH_FILES/PUBLISHED_BAMS/PUBLISHED/LOW002_reheader.bam	Canis	lupus	Letniaya	Letniaya1	Russia	67.17	155.47	Pleistocene_Wolves	5.67	5.83	98.65	W	32781	Pleistocene_Wolves	Wolves
LOW003	LOW003		/projects/racimolab/people/qcj125/MUNICH_FILES/PUBLISHED_BAMS/PUBLISHED/LOW003_reheader.bam	Canis	lupus	Unnegen	Unnegen1	Russia	68.92	134.48	Pleistocene_Wolves	5.87	6.23	98.45	W	44450	Pleistocene_Wolves	Wolves
LOW006	LOW006		/projects/racimolab/people/qcj125/MUNICH_FILES/PUBLISHED_BAMS/PUBLISHED/LOW006_reheader.bam	Canis	lupus	Tirekhtyakh	Tirekhtyakh1	Russia	68.34	146.02	Pleistocene_Wolves	3.02	3.34	92.22	W	34383	Pleistocene_Wolves	Wolves
LOW007	LOW007		/projects/racimolab/people/qcj125/MUNICH_FILES/PUBLISHED_BAMS/PUBLISHED/LOW007_reheader.bam	Canis	lupus	Tirekhtyakh	Tirekhtyakh2	Russia	68.34	146.02	Pleistocene_Wolves	1.98	2.16	84.57	W	29315	Pleistocene_Wolves	Wolves
NGDG	NGDG		/projects/racimolab/people/qcj125/MUNICH_FILES/PUBLISHED_BAMS/PUBLISHED/NGDG_fullmerge_rmdup_rmdup_realgined_6_5_15.bam	Canis	familiaris	Newgrange	Newgrange1	Ireland	53.69	-6.48	European_Dogs	28	33.29	99.43	D	4800	Dogs	European_Dogs
OL4061_Veretye	OL4061_Veretye	PRJEB38079	/projects/racimolab/people/qcj125/MUNICH_FILES/PUBLISHED_BAMS/PUBLISHED/OL4061_Veretye_rmdup.bam	Canis	familiaris	Veretye	Veretye1	Russia	61.26	38.9	Arctic_Dogs	1.8	1.98	82.67	D	10930	Dogs	Arctic_Dogs
OL4222_Greece	OL4222_Greece		/projects/racimolab/people/qcj125/MUNICH_FILES/PUBLISHED_BAMS/PUBLISHED/OL4222_Greece_rmdup.bam	Canis	familiaris	Skoteini	Skoteini1	Greece	38.51	23.98	European_Dogs	4.5	4.73	96.85	D	6544	Dogs	European_Dogs
OL4223_Baikal	OL4223		/projects/racimolab/people/qcj125/MUNICH_FILES/PUBLISHED_BAMS/PUBLISHED/OL4223_Baikal_rmdup.bam	Canis	familiaris	PadKalashkinova	PadKalashkinova2	Russia	52.69	103.68	Arctic_Dogs	2.2	2.35	84.69	D	6900	Dogs	Arctic_Dogs
PON012	PON012		/projects/racimolab/people/qcj125/MUNICH_FILES/PUBLISHED_BAMS/PUBLISHED/PON012_reheader.bam	Canis	lupus	Alvastra	Alvastra1	Sweden	58.3	14.68	Western_Eurasian_Wolves	2.1	2.25	86.21	W	5079	Western_Eurasian_Wolves	Wolves
SC19.MCJ010	SC19.MCJ010		/projects/racimolab/people/qcj125/MUNICH_FILES/PUBLISHED_BAMS/PUBLISHED/SC19.MCJ010.bam	Canis	lupus	QuartzCreek	QuartzCreek1	Canada	60.99	-130.49	Pleistocene_Wolves	3.07	3.21	88.59	W	29943	Pleistocene_Wolves	Wolves
SC19.MCJ014	SC19.MCJ014		/projects/racimolab/people/qcj125/MUNICH_FILES/PUBLISHED_BAMS/PUBLISHED/SC19.MCJ014.bam	Canis	lupus	IndependenceCreek	IndependenceCreek1	Canada	63.36	-139.12	Pleistocene_Wolves	1.07	1.12	60.12	W	29143	Pleistocene_Wolves	Wolves
SC19.MCJ015	SC19.MCJ015		/projects/racimolab/people/qcj125/MUNICH_FILES/PUBLISHED_BAMS/PUBLISHED/SC19.MCJ015.bam	Canis	lupus	ParadiseHill	ParadiseHill1	Canada	63.9	-139.37	Pleistocene_Wolves	2.32	2.43	84.14	W	43821	Pleistocene_Wolves	Wolves
SOTN01_merged	SOTN01_merged		/projects/racimolab/people/qcj125/MUNICH_FILES/PUBLISHED_BAMS/PUBLISHED/SOTN01_merged_P8903_1005_S5_L005_1006_S6_L006_seqprep_reheader.bam	Canis	familiaris	Sotin	Sotin1	Croatia	45.3	19.1	European_Dogs	11.2	11.46	99.32	D	4900	Dogs	European_Dogs
Taimyr-1	Taimyr-1		/projects/racimolab/people/qcj125/MUNICH_FILES/PUBLISHED_BAMS/PUBLISHED/Taimyr-1_reheader.bam	Canis	lupus	Taimyr	Taimyr1	Russia	73.31	104.32	Pleistocene_Wolves	2.9	1.53	75.29	W	34900	Pleistocene_Wolves	Wolves
TGEZ06_P8903	TGEZ06_P8903		/projects/racimolab/people/qcj125/MUNICH_FILES/PUBLISHED_BAMS/PUBLISHED/TGEZ06_P8903_1007_S7_L007_seqprep_reheader.bam	Canis	familiaris	TelGezer	TelGezer1	Israel	31.86	34.92	African_NearEast_India_Dogs	0.9	0.92	58.11	D	3500	Dogs	African_NearEast_India_Dogs
TRF.01.51	TRF.01.51		/projects/racimolab/people/qcj125/MUNICH_FILES/PUBLISHED_BAMS/PUBLISHED/TRF.01.51_Merged.CanFam3.1Y.rmdup.bam	Canis	familiaris	Sakhalin	Sakhalin1	Russia	51	143	Arctic_Dogs	3.78	3.71	91.21	D	140	Dogs	Arctic_Dogs
TRF.02.01	TRF.02.01		/projects/racimolab/people/qcj125/MUNICH_FILES/PUBLISHED_BAMS/PUBLISHED/TRF.02.01_Merged.CanFam3.1Y.rmdup.bam	Canis	familiaris	Kamchatka	Kamchatka1	Russia	66.7	172.3	Arctic_Dogs	1.35	1.32	69	D	93	Dogs	Arctic_Dogs
TRF.02.21	TRF.02.21		/projects/racimolab/people/qcj125/MUNICH_FILES/PUBLISHED_BAMS/PUBLISHED/TRF.02.21_Merged.CanFam3.1Y.rmdup.bam	Canis	familiaris	Amur	Amur2	Russia	50.9	137.6	Arctic_Dogs	1.27	1.38	63.13	D	93	Dogs	Arctic_Dogs
TRF.02.25	TRF.02.25		/projects/racimolab/people/qcj125/MUNICH_FILES/PUBLISHED_BAMS/PUBLISHED/TRF.02.25_Merged.CanFam3.1Y.rmdup.bam	Canis	familiaris	NenetsIamal	NenetsIamal2	Russia	63.2	73.9	Arctic_Dogs	1.84	2.36	75.09	D	93	Dogs	Arctic_Dogs
TRF.02.49	TRF.02.49		/projects/racimolab/people/qcj125/MUNICH_FILES/PUBLISHED_BAMS/PUBLISHED/TRF.02.49_Merged.CanFam3.1Y.rmdup.bam	Canis	familiaris	Chukotka	Chukotka2	Russia	64.4	-173.4	Arctic_Dogs	4.41	4.22	93.57	D	95	Dogs	Arctic_Dogs
TRF.02.53	TRF.02.53		/projects/racimolab/people/qcj125/MUNICH_FILES/PUBLISHED_BAMS/PUBLISHED/TRF.02.53_Merged.CanFam3.1Y.rmdup.bam	Canis	familiaris	Kamchatka	Kamchatka2	Russia	60.31	163.5	Arctic_Dogs	20.83	21.05	99.01	D	60	Dogs	Arctic_Dogs
TRF.04.04	TRF.04.04		/projects/racimolab/people/qcj125/MUNICH_FILES/PUBLISHED_BAMS/PUBLISHED/TRF.04.04_Merged.CanFam3.1Y.rmdup.bam	Canis	familiaris	Ishkinino	Ishkinino1	Russia	51.5	58.3	Arctic_Dogs	2.77	2.6	87.2	D	3275	Dogs	Arctic_Dogs
TRF.04.09	TRF.04.09		/projects/racimolab/people/qcj125/MUNICH_FILES/PUBLISHED_BAMS/PUBLISHED/TRF.04.09_Merged.CanFam3.1Y.rmdup.bam	Canis	familiaris	Veretye	Veretye2	Russia	61.3	38.9	Arctic_Dogs	8.58	8.52	99.07	D	10930	Dogs	Arctic_Dogs
TRF.04.10	TRF.04.10		/projects/racimolab/people/qcj125/MUNICH_FILES/PUBLISHED_BAMS/PUBLISHED/TRF.04.10_Merged.CanFam3.1Y.rmdup.bam	Canis	familiaris	Bolgar	Bolgar1	Russia	55.6	49.1	Arctic_Dogs	7.92	7.92	98.91	D	1000	Dogs	Arctic_Dogs
TRF.05.05	TRF.05.05		/projects/racimolab/people/qcj125/MUNICH_FILES/PUBLISHED_BAMS/PUBLISHED/TRF.05.05_Merged.CanFam3.1Y.rmdup.bam	Canis	familiaris	UstPolui	UstPolui2	Russia	66.6	66.6	Arctic_Dogs	11.78	11.59	99.13	D	2000	Dogs	Arctic_Dogs
TRF.05.07	TRF.05.07		/projects/racimolab/people/qcj125/MUNICH_FILES/PUBLISHED_BAMS/PUBLISHED/TRF.05.07_Merged.CanFam3.1Y.rmdup.bam	Canis	familiaris	UstPolui	UstPolui4	Russia	66.6	66.6	Arctic_Dogs	4.01	4.03	96.34	D	2000	Dogs	Arctic_Dogs
TRF.05.10	TRF.05.10		/projects/racimolab/people/qcj125/MUNICH_FILES/PUBLISHED_BAMS/PUBLISHED/TRF.05.10_Merged.CanFam3.1Y.rmdup.bam	Canis	familiaris	UstPolui	UstPolui6	Russia	66.6	66.6	Arctic_Dogs	2.43	2.31	86.1	D	2000	Dogs	Arctic_Dogs
TRF.05.14	TRF.05.14		/projects/racimolab/people/qcj125/MUNICH_FILES/PUBLISHED_BAMS/PUBLISHED/TRF.05.14_Merged.CanFam3.1Y.rmdup.bam	Canis	familiaris	TiuteiSaleI	TiuteiSaleI1	Russia	71	67	Arctic_Dogs	3.79	3.66	93.48	D	1111	Dogs	Arctic_Dogs
TRF.05.16	TRF.05.16		/projects/racimolab/people/qcj125/MUNICH_FILES/PUBLISHED_BAMS/PUBLISHED/TRF.05.16_Merged.CanFam3.1Y.rmdup.bam	Canis	familiaris	IarteVI	IarteVI1	Russia	69	70	Arctic_Dogs	1.63	1.62	76.5	D	800	Dogs	Arctic_Dogs
TRF.05.17	TRF.05.17		/projects/racimolab/people/qcj125/MUNICH_FILES/PUBLISHED_BAMS/PUBLISHED/TRF.05.17_Merged.CanFam3.1Y.rmdup.bam	Canis	familiaris	UstVoikar	UstVoikar1	Russia	65	64	Arctic_Dogs	2.38	2.36	86.88	D	857	Dogs	Arctic_Dogs
TU840	TU840		/projects/racimolab/people/qcj125/MUNICH_FILES/PUBLISHED_BAMS/PUBLISHED/TU840_reheader.bam	Canis	lupus	Auneau	Auneau2	France	48.46	1.78	Western_Eurasian_Wolves	1.04	1.07	63.87	W	9716	Western_Eurasian_Wolves	Wolves
Tumat	Tumat		/projects/racimolab/people/qcj125/MUNICH_FILES/PUBLISHED_BAMS/PUBLISHED/Tumat.CanFam31.realigned.bam	Canis	lupus	Tumat	Tumat2	Russia	70.72	139.23	Pleistocene_Wolves	5.16	5.93	97.4	W	14122	Pleistocene_Wolves	Wolves
UZAA01_P8903	UZAA01_P8903		/projects/racimolab/people/qcj125/MUNICH_FILES/PUBLISHED_BAMS/PUBLISHED/UZAA01_P8903_1008_S8_L008_seqprep_reheader.bam	Canis	familiaris	Uza	Uza1	Israel	31.59	34.76	African_NearEast_India_Dogs	5.5	6	98.71	D	875	Dogs	African_NearEast_India_Dogs
UZAA02_Israel	UZAA02_Israel		/projects/racimolab/people/qcj125/MUNICH_FILES/PUBLISHED_BAMS/PUBLISHED/UZAA02_Israel_Byzantine_reheader.bam	Canis	familiaris	Uza	Uza2	Israel	31.59	34.76	African_NearEast_India_Dogs	5.8	5.61	98.59	D	1600	Dogs	African_NearEast_India_Dogs
WOL-VAL-033	WOL-VAL-033		/projects/racimolab/people/qcj125/MUNICH_FILES/PUBLISHED_BAMS/PUBLISHED/VAL_033.bam	Canis	lupus	Tirekhtyakh	Tirekhtyakh3	Russia	68.48	147.1	Pleistocene_Wolves	1	1.13	64.58	W	63922	Pleistocene_Wolves	Wolves
WOL-VAL-08	WOL-VAL-08		/projects/racimolab/people/qcj125/MUNICH_FILES/PUBLISHED_BAMS/PUBLISHED/VAL_008.bam	Canis	lupus	Badyarikha	Badyarikha2	Russia	68.26	146.5	Pleistocene_Wolves	1.91	1.98	83.67	W	33515	Pleistocene_Wolves	Wolves
WOL-VAL-18A	WOL-VAL-18A		/projects/racimolab/people/qcj125/MUNICH_FILES/PUBLISHED_BAMS/PUBLISHED/VAL_18A.bam	Canis	lupus	Enygen	Enygen1	Russia	68.92	134.48	Pleistocene_Wolves	0.97	1	60.67	W	100706	Pleistocene_Wolves	Wolves
WolfHead	WolfHead		/projects/racimolab/people/qcj125/MUNICH_FILES/PUBLISHED_BAMS/PUBLISHED/IN18_016.bam	Canis	lupus	BeleyaGora	BeleyaGora2	Russia	68.6	147.19	Pleistocene_Wolves	13.01	14.86	99.18	W	32020	Pleistocene_Wolves	Wolves
Yana-1	Yana-1		/projects/racimolab/people/qcj125/MUNICH_FILES/PUBLISHED_BAMS/PUBLISHED/Yana-1_reheader.bam	Canis	lupus	Yana	Yana7	Russia	71.5	136.6	Pleistocene_Wolves	2.62	2.6	88.29	W	28110	Pleistocene_Wolves	Wolves
KT0033	KT0033		/projects/racimolab/people/qcj125/MUNICH_FILES/UNPUBLISHED_BAMS/KT0033_rmdup.bam	Canis	familiaris	VilniusCastle	VilniusCastle1	Lithuania	NA	NA	European_Dogs	NA	9.77	99.22	D	566	Dogs	European_Dogs
KT0037	KT0037		/projects/racimolab/people/qcj125/MUNICH_FILES/UNPUBLISHED_BAMS/KT0037_rmdup.bam	Canis	familiaris	VilniusCastle	VilniusCastle2	Lithuania	NA	NA	European_Dogs	NA	2.44	76.99	D	595	Dogs	European_Dogs
KT0039	KT0039		/projects/racimolab/people/qcj125/MUNICH_FILES/UNPUBLISHED_BAMS/KT0039_rmdup.bam	Canis	familiaris	VilniusCastle	VilniusCastle3	Lithuania	NA	NA	European_Dogs	NA	21.6	99.39	D	389	Dogs	European_Dogs
KT0041	KT0041		/projects/racimolab/people/qcj125/MUNICH_FILES/UNPUBLISHED_BAMS/KT0041_rmdup.bam	Canis	familiaris	VilniusCastle	VilniusCastle4	Lithuania	NA	NA	European_Dogs	NA	12.36	99.31	D	153	Dogs	European_Dogs
KT0043	KT0043		/projects/racimolab/people/qcj125/MUNICH_FILES/UNPUBLISHED_BAMS/KT0043_rmdup.bam	Canis	familiaris	VilniusCastle	VilniusCastle5	Lithuania	NA	NA	European_Dogs	NA	8.02	99.1	D	600	Dogs	European_Dogs
KT0049	KT0049		/projects/racimolab/people/qcj125/MUNICH_FILES/UNPUBLISHED_BAMS/KT0049_rmdup.bam	Canis	familiaris	VilniusCastle	VilniusCastle6	Lithuania	NA	NA	European_Dogs	NA	5.87	98.47	D	693	Dogs	European_Dogs
KT0052	KT0052		/projects/racimolab/people/qcj125/MUNICH_FILES/UNPUBLISHED_BAMS/KT0052_rmdup.bam	Canis	familiaris	VilniusCastle	VilniusCastle7	Lithuania	NA	NA	European_Dogs	NA	17.69	99.36	D	736	Dogs	European_Dogs
KT0056	KT0056		/projects/racimolab/people/qcj125/MUNICH_FILES/UNPUBLISHED_BAMS/KT0056_rmdup.bam	Canis	familiaris	VilniusCastle	VilniusCastle8	Lithuania	NA	NA	European_Dogs	NA	8.89	99.1	D	153	Dogs	European_Dogs
KT0094	KT0094		/projects/racimolab/people/qcj125/MUNICH_FILES/UNPUBLISHED_BAMS/KT0094_rmdup.bam	Canis	familiaris	Riga	Riga1	Latvia	NA	NA	European_Dogs	NA	4.31	97.06	D	153	Dogs	European_Dogs