Sample	Dog_PCA	Wolf_Dog_PCA
511	Arctic_Dogs	Arctic_Dogs
525	Arctic_Dogs	Arctic_Dogs
Affenpinscher01_33500	European_Dogs	European_Dogs
Affenpinscher02_34310	European_Dogs	European_Dogs
Affenpinscher03_34314	European_Dogs	European_Dogs
AfghanHound01	African_NearEast_India_Dogs	African_NearEast_India_Dogs
AfghanHound03	African_NearEast_India_Dogs	African_NearEast_India_Dogs
AfghanHound04	African_NearEast_India_Dogs	African_NearEast_India_Dogs
AfricanGoldenWolf01	Wolves	Outgroup
AfricanGoldenWolf02	Wolves	Outgroup
AfricanGoldenWolf03	Wolves	Outgroup
AfricanGoldenWolf04	Wolves	Outgroup
AfricanGoldenWolf05	Wolves	Outgroup
AfricanGoldenWolf06	Wolves	Outgroup
AfricanWildDog01	Wolves	Outgroup
AfricanWildDog02	Wolves	Outgroup
AfricanWildDog03	Wolves	Outgroup
AiredaleTerrier01	European_Dogs	European_Dogs
AiredaleTerrier02	European_Dogs	European_Dogs
AiredaleTerrier05	European_Dogs	European_Dogs
AiredaleTerrier06	European_Dogs	European_Dogs
Akbash01_15287	African_NearEast_India_Dogs	African_NearEast_India_Dogs
Akita01_12758	East_Asian_Dogs	East_Asian_Dogs
AlapahaBlueBloodBulldog01	European_Dogs	European_Dogs
AlapahaBlueBloodBulldog02	European_Dogs	European_Dogs
AlaskanHusky01	Arctic_Dogs	Arctic_Dogs
AlaskanHusky02	Arctic_Dogs	Arctic_Dogs
AlaskanMalamute01_30099	Arctic_Dogs	Arctic_Dogs
AlaskanMalamute01_Reseq_30099	Arctic_Dogs	Arctic_Dogs
AlaskanMalamute02	Arctic_Dogs	Arctic_Dogs
AlaskanMalamute03	Arctic_Dogs	Arctic_Dogs
AlaskanMalamute04	Arctic_Dogs	Arctic_Dogs
AlaskanWolf	Wolves	North_American_Wolves
AlgonquinWolf13467	Wolves	North_American_Wolves
AlgonquinWolf13470	Wolves	North_American_Wolves
AlpineDachsbrake02	European_Dogs	European_Dogs
AmericanEskimoDog01_10800	European_Dogs	European_Dogs
AmericanEskimoDog02_10808	European_Dogs	European_Dogs
AmericanEskimoDog03_10810	European_Dogs	European_Dogs
AmericanEskimoDog04_8380	European_Dogs	European_Dogs
AmericanEskimoDog05_10805	European_Dogs	European_Dogs
AmericanEskimoDog06_10809	European_Dogs	European_Dogs
AmericanEskimoDog07_15300	European_Dogs	European_Dogs
AmericanEskimoDog08_15301	European_Dogs	European_Dogs
AmericanEskimoDog09_15304	European_Dogs	European_Dogs
AmericanFoxhound01_34454	European_Dogs	European_Dogs
AmericanHairlessTerrier01_1121	European_Dogs	European_Dogs
AmericanHairlessTerrier01_Reseq_1121	European_Dogs	European_Dogs
AmericanHairlessTerrier02_1118	European_Dogs	European_Dogs
AmericanHairlessTerrier04_1124	European_Dogs	European_Dogs
AmericanStaffordshireTerrier01	European_Dogs	European_Dogs
AmericanStaffordshireTerrier02_24262	European_Dogs	European_Dogs
AmericanStaffordshireTerrier03_29583	European_Dogs	European_Dogs
AmericanStaffordshireTerrier04	European_Dogs	European_Dogs
AmericanStaffordshireTerrier05	European_Dogs	European_Dogs
AmericanStaffordshireTerrier06_24030	European_Dogs	European_Dogs
AmericanWaterSpaniel01_987	European_Dogs	European_Dogs
AmericanWaterSpaniel02_988	European_Dogs	European_Dogs
AmericanWaterSpaniel03_29580	European_Dogs	European_Dogs
AnatolianShepherdDog01_7584	European_Dogs	European_Dogs
AustralianCattleDog01	European_Dogs	European_Dogs
AustralianCattleDog02	European_Dogs	European_Dogs
AustralianCattleDog03	European_Dogs	European_Dogs
AustralianCattleDog04	European_Dogs	European_Dogs
AustralianCattleDog06	European_Dogs	European_Dogs
AustralianCattleDog07_9994	European_Dogs	European_Dogs
AustralianCattleDog08_25269	European_Dogs	European_Dogs
AustralianShepherd01_27104	European_Dogs	European_Dogs
AustralianShepherd02_30713	European_Dogs	European_Dogs
AustralianShepherd03_31260	European_Dogs	European_Dogs
AustralianShepherd04_33489	European_Dogs	European_Dogs
AustralianShepherd05_33555	European_Dogs	European_Dogs
AustralianShepherd06	European_Dogs	European_Dogs
AustralianShepherd07_29479	European_Dogs	European_Dogs
AustralianTerrier01	European_Dogs	European_Dogs
AustralianTerrier02_30508	European_Dogs	European_Dogs
AustralianTerrier03_8663	European_Dogs	European_Dogs
Basenji01	African_NearEast_India_Dogs	African_NearEast_India_Dogs
Basenji02	African_NearEast_India_Dogs	African_NearEast_India_Dogs
Basenji03	African_NearEast_India_Dogs	African_NearEast_India_Dogs
Basenji04	African_NearEast_India_Dogs	African_NearEast_India_Dogs
Basenji05	African_NearEast_India_Dogs	African_NearEast_India_Dogs
Basenji06	African_NearEast_India_Dogs	African_NearEast_India_Dogs
BassetHound01_10376	European_Dogs	European_Dogs
BassetHound02_12885	European_Dogs	European_Dogs
BassetHound03_13196	European_Dogs	European_Dogs
BassetHound04	European_Dogs	European_Dogs
BavarianHound01	European_Dogs	European_Dogs
Beagle01_16145	European_Dogs	European_Dogs
Beagle02	European_Dogs	European_Dogs
Beagle03	European_Dogs	European_Dogs
Beagle04	European_Dogs	European_Dogs
Beagle05	European_Dogs	European_Dogs
BeardedCollie01	European_Dogs	European_Dogs
BeardedCollie02	European_Dogs	European_Dogs
BeardedCollie03	European_Dogs	European_Dogs
BeardedCollie04	European_Dogs	European_Dogs
BeardedCollie05	European_Dogs	European_Dogs
BeardedCollie06	European_Dogs	European_Dogs
BeardedCollie07	European_Dogs	European_Dogs
Beauceron01_29598	European_Dogs	European_Dogs
Beauceron02_31956	European_Dogs	European_Dogs
BedlingtonTerrier01_27328	European_Dogs	European_Dogs
BedlingtonTerrier02_33486	European_Dogs	European_Dogs
BedlingtonTerrier03_33606	European_Dogs	European_Dogs
BedlingtonTerrier04_28914	European_Dogs	European_Dogs
BedlingtonTerrier05_31124	European_Dogs	European_Dogs
BelgianLaekenois01_34575	European_Dogs	European_Dogs
BelgianMalinois01	European_Dogs	European_Dogs
BelgianMalinois02	European_Dogs	European_Dogs
BelgianMalinois03	European_Dogs	European_Dogs
BelgianMalinois04	European_Dogs	European_Dogs
BelgianMalinois05	European_Dogs	European_Dogs
BelgianMalinois06	European_Dogs	European_Dogs
BelgianMalinois07_25490	European_Dogs	European_Dogs
BelgianMalinois08	European_Dogs	European_Dogs
BelgianMalinois09	European_Dogs	European_Dogs
BelgianMalinois10	European_Dogs	European_Dogs
BelgianMalinois11	European_Dogs	European_Dogs
BelgianMalinois12	European_Dogs	European_Dogs
BelgianMalinois13	European_Dogs	European_Dogs
BelgianMalinois14	European_Dogs	European_Dogs
BelgianMalinois15	European_Dogs	European_Dogs
BelgianMalinois16	European_Dogs	European_Dogs
BelgianMalinois17	European_Dogs	European_Dogs
BelgianMalinois18	European_Dogs	European_Dogs
BelgianMalinois19	European_Dogs	European_Dogs
BelgianMalinois20	European_Dogs	European_Dogs
BelgianMalinois21	European_Dogs	European_Dogs
BelgianMalinois22	European_Dogs	European_Dogs
BelgianMalinois23	European_Dogs	European_Dogs
BelgianMalinois24	European_Dogs	European_Dogs
BelgianMalinois25	European_Dogs	European_Dogs
BelgianMalinois26	European_Dogs	European_Dogs
BelgianMalinois27	European_Dogs	European_Dogs
BelgianMalinois28_24233	European_Dogs	European_Dogs
BelgianSheepdog01_27485	European_Dogs	European_Dogs
BelgianSheepdog02_23570	European_Dogs	European_Dogs
BelgianSheepdog03_23572	European_Dogs	European_Dogs
BelgianSheepdog04_24974	European_Dogs	European_Dogs
BelgianSheepdog05_15643	European_Dogs	European_Dogs
BelgianSheepdog06_24605	European_Dogs	European_Dogs
BelgianSheepdog07_24604	European_Dogs	European_Dogs
BelgianSheepdog08_30647	European_Dogs	European_Dogs
BelgianSheepdog09_31144	European_Dogs	European_Dogs
BelgianSheepdog10_22740	European_Dogs	European_Dogs
BelgianSheepdog11_34638	European_Dogs	European_Dogs
BelgianSheepdog12_34665	European_Dogs	European_Dogs
BelgianSheepdog13_35102	European_Dogs	European_Dogs
BelgianTervuren01_27484	European_Dogs	European_Dogs
BelgianTervuren02_22754	European_Dogs	European_Dogs
BelgianTervuren03_24639	European_Dogs	European_Dogs
BelgianTervuren04_24613	European_Dogs	European_Dogs
BelgianTervuren05_28307	European_Dogs	European_Dogs
BelgianTervuren06_22771	European_Dogs	European_Dogs
BelgianTervuren07_23576	European_Dogs	European_Dogs
BelgianTervuren08_28302	European_Dogs	European_Dogs
BelgianTervuren09_28308	European_Dogs	European_Dogs
BelgianTervuren10_22774	European_Dogs	European_Dogs
BelgianTervuren11_24620	European_Dogs	European_Dogs
BelgianTervuren12_BT1032	European_Dogs	European_Dogs
BelgianTervuren13_BT1241	European_Dogs	European_Dogs
BelgianTervuren14_BT1246	European_Dogs	European_Dogs
BelgianTervuren15_BT1259	European_Dogs	European_Dogs
BelgianTervuren16_BT1300	European_Dogs	European_Dogs
BelgianTervuren17_BT1332	European_Dogs	European_Dogs
BelgianTervuren18_BT1355	European_Dogs	European_Dogs
BelgianTervuren19_33058	European_Dogs	European_Dogs
BelgianTervuren20_34513	European_Dogs	European_Dogs
BergerBlancSuisse01	European_Dogs	European_Dogs
BergerPicard01	European_Dogs	European_Dogs
BergerPicard02	European_Dogs	European_Dogs
BergerPicard03	European_Dogs	European_Dogs
BergerPicard04	European_Dogs	European_Dogs
BergerPicard05_33251	European_Dogs	European_Dogs
BergerPicard06_33252	European_Dogs	European_Dogs
BergerPicard07	European_Dogs	European_Dogs
Bern_AlpineDachsbracke	European_Dogs	European_Dogs
BerneseMountainDog01_4679	European_Dogs	European_Dogs
BerneseMountainDog02_30814	European_Dogs	European_Dogs
BerneseMountainDog03_941	European_Dogs	European_Dogs
BerneseMountainDog04_1003	European_Dogs	European_Dogs
BerneseMountainDog05_1300	European_Dogs	European_Dogs
BerneseMountainDog06_1441	European_Dogs	European_Dogs
BerneseMountainDog07_2488	European_Dogs	European_Dogs
BerneseMountainDog08_4164	European_Dogs	European_Dogs
BerneseMountainDog09_4666	European_Dogs	European_Dogs
BerneseMountainDog10_4687	European_Dogs	European_Dogs
BerneseMountainDog11_4767	European_Dogs	European_Dogs
BerneseMountainDog12_4851	European_Dogs	European_Dogs
BerneseMountainDog13_7507	European_Dogs	European_Dogs
BerneseMountainDog14_12307	European_Dogs	European_Dogs
BerneseMountainDog15_13020	European_Dogs	European_Dogs
BerneseMountainDog16_13108	European_Dogs	European_Dogs
BerneseMountainDog17_20139	European_Dogs	European_Dogs
BerneseMountainDog18_969	European_Dogs	European_Dogs
BerneseMountainDog19_11957	European_Dogs	European_Dogs
BerneseMountainDog20_21874	European_Dogs	European_Dogs
BerneseMountainDog21_21878	European_Dogs	European_Dogs
BerneseMountainDog22_26577	European_Dogs	European_Dogs
BerneseMountainDog23_26606	European_Dogs	European_Dogs
BerneseMountainDog24_28441	European_Dogs	European_Dogs
BerneseMountainDog25_33589	European_Dogs	European_Dogs
BerneseMountainDog26_34297	European_Dogs	European_Dogs
BichonFrise01	European_Dogs	European_Dogs
BichonFrise02_974	European_Dogs	European_Dogs
BichonFrise03_13125	European_Dogs	European_Dogs
BichonFrise04_13198	European_Dogs	European_Dogs
BiewerTerrier01_33805	European_Dogs	European_Dogs
BiewerTerrier02_31246	European_Dogs	European_Dogs
BiewerTerrier03_31247	European_Dogs	European_Dogs
BiewerTerrier04_31248	European_Dogs	European_Dogs
BiewerTerrier05_31253	European_Dogs	European_Dogs
BiewerTerrier06_31256	European_Dogs	European_Dogs
BiewerTerrier07_34303	European_Dogs	European_Dogs
BlackBackedJackal01	Wolves	Outgroup
BlackRussianTerrier01	European_Dogs	European_Dogs
Bloodhound01_25394	European_Dogs	European_Dogs
Boerboel01_21873	African_NearEast_India_Dogs	African_NearEast_India_Dogs
Boerboel02_33148	African_NearEast_India_Dogs	African_NearEast_India_Dogs
BorderCollie01	European_Dogs	European_Dogs
BorderCollie02	European_Dogs	European_Dogs
BorderCollie03	European_Dogs	European_Dogs
BorderCollie06	European_Dogs	European_Dogs
BorderCollie07	European_Dogs	European_Dogs
BorderCollie08	European_Dogs	European_Dogs
BorderCollie09	European_Dogs	European_Dogs
BorderCollie10	European_Dogs	European_Dogs
BorderCollie11	European_Dogs	European_Dogs
BorderCollie12	European_Dogs	European_Dogs
BorderCollie13	European_Dogs	European_Dogs
BorderCollie14	European_Dogs	European_Dogs
BorderCollie15	European_Dogs	European_Dogs
BorderCollie16	European_Dogs	European_Dogs
BorderCollie17	European_Dogs	European_Dogs
BorderCollie18_33928	European_Dogs	European_Dogs
BorderCollie19_33939	European_Dogs	European_Dogs
BorderCollie20_33967	European_Dogs	European_Dogs
BorderCollie21_34026	European_Dogs	European_Dogs
BorderCollie22_34073	European_Dogs	European_Dogs
BorderCollie23_34101	European_Dogs	European_Dogs
BorderCollie24	European_Dogs	European_Dogs
BorderCollie25_BC_27398	European_Dogs	European_Dogs
BorderCollie26_BC_30512	European_Dogs	European_Dogs
BorderCollie27_BC_31618	European_Dogs	European_Dogs
BorderCollie28	European_Dogs	European_Dogs
BorderCollie29	European_Dogs	European_Dogs
BorderTerrier01	European_Dogs	European_Dogs
BorderTerrier02	European_Dogs	European_Dogs
BorderTerrier03	European_Dogs	European_Dogs
BorderTerrier04	European_Dogs	European_Dogs
Borzoi01_13141	African_NearEast_India_Dogs	African_NearEast_India_Dogs
BostonTerrier01_950	European_Dogs	European_Dogs
BostonTerrier02	European_Dogs	European_Dogs
BostonTerrier03	European_Dogs	European_Dogs
BouvierDesFlandres01_29776	European_Dogs	European_Dogs
BouvierDesFlandres02_30531	European_Dogs	European_Dogs
BouvierDesFlandres03	European_Dogs	European_Dogs
BouvierDesFlandres04_28721	European_Dogs	European_Dogs
BouvierDesFlandres05_20143	European_Dogs	European_Dogs
BouvierdesFlandres06_15380	European_Dogs	European_Dogs
BouvierdesFlandres07_22254	European_Dogs	European_Dogs
Boxer01	European_Dogs	European_Dogs
Boxer02_21522	European_Dogs	European_Dogs
Boxer03_27749	European_Dogs	European_Dogs
BoykinSpaniel01_9997	European_Dogs	European_Dogs
BoykinSpaniel02_9998	European_Dogs	European_Dogs
BoykinSpaniel03_10013	European_Dogs	European_Dogs
BoykinSpaniel04_9911	European_Dogs	European_Dogs
BoykinSpaniel05_10012	European_Dogs	European_Dogs
Briard01_15126	European_Dogs	European_Dogs
Briard02_20209	European_Dogs	European_Dogs
Briard03_20268	European_Dogs	European_Dogs
BrittanySpaniel01	European_Dogs	European_Dogs
BrittanySpaniel02_33265	European_Dogs	European_Dogs
BrittanySpaniel03_12726	European_Dogs	European_Dogs
BrusselsGriffon01_6033	European_Dogs	European_Dogs
BrusselsGriffon02_6692	European_Dogs	European_Dogs
BrusselsGriffon03_15571	European_Dogs	European_Dogs
BrusselsGriffon04_21511	European_Dogs	European_Dogs
BrusselsGriffon05_31228	European_Dogs	European_Dogs
BrusselsGriffon06_3036	European_Dogs	European_Dogs
BullMastiff01	European_Dogs	European_Dogs
BullMastiff02_1125	European_Dogs	European_Dogs
BullMastiff03_26414	European_Dogs	European_Dogs
BullTerrier01	European_Dogs	European_Dogs
BullTerrier02	European_Dogs	European_Dogs
BullTerrier03_23604	European_Dogs	European_Dogs
BullTerrier04_23664	European_Dogs	European_Dogs
BullTerrier05_23673	European_Dogs	European_Dogs
BullTerrier06	European_Dogs	European_Dogs
BullTerrier07	European_Dogs	European_Dogs
BullTerrier08	European_Dogs	European_Dogs
BullTerrier09	European_Dogs	European_Dogs
BullTerrier10_23587	European_Dogs	European_Dogs
BullTerrier11_23589	European_Dogs	European_Dogs
BullTerrier12_23590	European_Dogs	European_Dogs
BullTerrier13_23592	European_Dogs	European_Dogs
BullTerrier14_23602	European_Dogs	European_Dogs
BullTerrier15_23624	European_Dogs	European_Dogs
BullTerrier16_23634	European_Dogs	European_Dogs
BullTerrier17_23636	European_Dogs	European_Dogs
BullTerrier18_23653	European_Dogs	European_Dogs
BullTerrier19_23656	European_Dogs	European_Dogs
BullTerrier20_23658	European_Dogs	European_Dogs
BullTerrier21_23659	European_Dogs	European_Dogs
BullTerrier22_23667	European_Dogs	European_Dogs
BullTerrier23_23668	European_Dogs	European_Dogs
BullTerrier24_23676	European_Dogs	European_Dogs
BullTerrier25_23678	European_Dogs	European_Dogs
BullTerrier26_23700	European_Dogs	European_Dogs
BullTerrier27_23702	European_Dogs	European_Dogs
BullTerrier28_23704	European_Dogs	European_Dogs
BullTerrier29_23710	European_Dogs	European_Dogs
BullTerrier30_23717	European_Dogs	European_Dogs
BullTerrier31_23719	European_Dogs	European_Dogs
BullTerrier32_23720	European_Dogs	European_Dogs
BullTerrier33_23722	European_Dogs	European_Dogs
BullTerrier34_23723	European_Dogs	European_Dogs
BullTerrier35_23727	European_Dogs	European_Dogs
BullTerrier36_24718	European_Dogs	European_Dogs
BullTerrier37_24725	European_Dogs	European_Dogs
BullTerrier38_34137	European_Dogs	European_Dogs
BullTerrier39_23703	European_Dogs	European_Dogs
BullTerrier40_23675	European_Dogs	European_Dogs
BullTerrier41_24720	European_Dogs	European_Dogs
BullTerrier42_34622	European_Dogs	European_Dogs
BullTerrier43_34623	European_Dogs	European_Dogs
BullTerrier44_23713	European_Dogs	European_Dogs
Bulldog01_14566	European_Dogs	European_Dogs
CairnTerrier01	European_Dogs	European_Dogs
CairnTerrier02	European_Dogs	European_Dogs
CairnTerrier03	European_Dogs	European_Dogs
CairnTerrier04	European_Dogs	European_Dogs
CairnTerrier05	European_Dogs	European_Dogs
CairnTerrier06	European_Dogs	European_Dogs
CairnTerrier07	European_Dogs	European_Dogs
CairnTerrier08	European_Dogs	European_Dogs
CairnTerrier09	European_Dogs	European_Dogs
CairnTerrier10	European_Dogs	European_Dogs
CairnTerrier11	European_Dogs	European_Dogs
CairnTerrier12	European_Dogs	European_Dogs
CairnTerrier13	European_Dogs	European_Dogs
CairnTerrier14	European_Dogs	European_Dogs
CairnTerrier15	European_Dogs	European_Dogs
CairnTerrier16_25446	European_Dogs	European_Dogs
CaneCorso01	European_Dogs	European_Dogs
CaneCorso02_27352	European_Dogs	European_Dogs
CaneCorso03	European_Dogs	European_Dogs
CardiganWelshCorgi01_9284	European_Dogs	European_Dogs
CardiganWelshCorgi02_33210	European_Dogs	European_Dogs
CardiganWelshCorgi03_33212	European_Dogs	European_Dogs
CarolinaDog01_7771	Americas_Dogs	Americas_Dogs
CarolinaDog01_Reseq_7771	Americas_Dogs	Americas_Dogs
CarolinaDog03_31703	Americas_Dogs	Americas_Dogs
CarolinaDog04_31707	Americas_Dogs	Americas_Dogs
CatahoulaLeopardDog01_Reseq_33138	Americas_Dogs	Americas_Dogs
CatahoulaLeopardDog01_Reseqx2_33138	Americas_Dogs	Americas_Dogs
CatahoulaLeopardDog02_33137	Americas_Dogs	Americas_Dogs
CatahoulaLeopardDog03_33139	Americas_Dogs	Americas_Dogs
CatahoulaLeopardDog04_33152	Americas_Dogs	Americas_Dogs
CatahoulaLeopardDog05_33321	Americas_Dogs	Americas_Dogs
CatahoulaLeopardDog06_10791	Americas_Dogs	Americas_Dogs
CatahoulaLeopardDog07_10792	Americas_Dogs	Americas_Dogs
CatahoulaLeopardDog08_31598	Americas_Dogs	Americas_Dogs
CatahoulaLeopardDog09_33136	Americas_Dogs	Americas_Dogs
CatahoulaLeopardDog11	Americas_Dogs	Americas_Dogs
CaucasianOvcharka01	African_NearEast_India_Dogs	African_NearEast_India_Dogs
CaucasianOvcharka02_7997	African_NearEast_India_Dogs	African_NearEast_India_Dogs
CavalierKingCharlesSpaniel01	European_Dogs	European_Dogs
CavalierKingCharlesSpaniel02	European_Dogs	European_Dogs
CavalierKingCharlesSpaniel03_952	European_Dogs	European_Dogs
CavalierKingCharlesSpaniel04_15286	European_Dogs	European_Dogs
CeskyTerrier01_31125	European_Dogs	European_Dogs
CeskyTerrier02_33431	European_Dogs	European_Dogs
CeskyTerrier02_Reseq_33431	European_Dogs	European_Dogs
CeskyTerrier03_33463	European_Dogs	European_Dogs
CeskyTerrier04_31121	European_Dogs	European_Dogs
ChesapeakeBayRetriever01	European_Dogs	European_Dogs
ChesapeakeBayRetriever02_7292	European_Dogs	European_Dogs
ChesapeakeBayRetriever03_12347	European_Dogs	European_Dogs
ChesapeakeBayRetriever04	European_Dogs	European_Dogs
Chihuahua01_13131	Americas_Dogs	Americas_Dogs
Chihuahua03	Americas_Dogs	Americas_Dogs
Chihuahua05	Americas_Dogs	Americas_Dogs
Chihuahua06	Americas_Dogs	Americas_Dogs
ChineseCrested01	East_Asian_Dogs	East_Asian_Dogs
ChineseCrested05	East_Asian_Dogs	East_Asian_Dogs
ChineseCrested06	East_Asian_Dogs	East_Asian_Dogs
ChineseIndigenousDog01	East_Asian_Dogs	East_Asian_Dogs
ChineseIndigenousDog02	East_Asian_Dogs	East_Asian_Dogs
ChineseIndigenousDog03	East_Asian_Dogs	East_Asian_Dogs
ChineseIndigenousDog04	East_Asian_Dogs	East_Asian_Dogs
ChineseIndigenousDog05	East_Asian_Dogs	East_Asian_Dogs
ChineseIndigenousDog06	East_Asian_Dogs	East_Asian_Dogs
ChineseIndigenousDog07	East_Asian_Dogs	East_Asian_Dogs
ChineseIndigenousDog08	East_Asian_Dogs	East_Asian_Dogs
ChineseIndigenousDog09	East_Asian_Dogs	East_Asian_Dogs
ChineseIndigenousDog10	East_Asian_Dogs	East_Asian_Dogs
ChineseIndigenousDog11	East_Asian_Dogs	East_Asian_Dogs
ChineseIndigenousDog12	East_Asian_Dogs	East_Asian_Dogs
ChineseIndigenousDog13	East_Asian_Dogs	East_Asian_Dogs
ChineseIndigenousDog14	East_Asian_Dogs	East_Asian_Dogs
ChineseIndigenousDog15	East_Asian_Dogs	East_Asian_Dogs
ChineseSharpei01	East_Asian_Dogs	East_Asian_Dogs
ChineseSharpei02	East_Asian_Dogs	East_Asian_Dogs
ChineseSharpei03_11443	East_Asian_Dogs	East_Asian_Dogs
ChineseSharpei04_11447	East_Asian_Dogs	East_Asian_Dogs
ChineseSharpei05_11448	East_Asian_Dogs	East_Asian_Dogs
Chinook01	Americas_Dogs	Americas_Dogs
Chinook02_33140	Americas_Dogs	Americas_Dogs
Chinook03_33141	Americas_Dogs	Americas_Dogs
Chinook04_33143	Americas_Dogs	Americas_Dogs
Chinook05_33256	Americas_Dogs	Americas_Dogs
Chinook06_33257	Americas_Dogs	Americas_Dogs
Chinook07_33317	Americas_Dogs	Americas_Dogs
Chinook08_33360	Americas_Dogs	Americas_Dogs
Chinook09_33362	Americas_Dogs	Americas_Dogs
Chinook10_33386	Americas_Dogs	Americas_Dogs
ChongqingDog01	East_Asian_Dogs	East_Asian_Dogs
ChowChow01_15630	East_Asian_Dogs	East_Asian_Dogs
ChowChow02_13802	East_Asian_Dogs	East_Asian_Dogs
ChowChow03	East_Asian_Dogs	East_Asian_Dogs
ChowChow04	East_Asian_Dogs	East_Asian_Dogs
ChowChow05_29846	East_Asian_Dogs	East_Asian_Dogs
ChowChow06_30105	East_Asian_Dogs	East_Asian_Dogs
ChowChow07_30210	East_Asian_Dogs	East_Asian_Dogs
CirnecodellEtna01_26441	European_Dogs	European_Dogs
CirnecodellEtna02_31283	European_Dogs	European_Dogs
CirnecodellEtna03_31284	European_Dogs	European_Dogs
ClumberSpaniel01	European_Dogs	European_Dogs
ClumberSpaniel02_27422	European_Dogs	European_Dogs
ClumberSpaniel03_33091	European_Dogs	European_Dogs
ClumberSpaniel04_33092	European_Dogs	European_Dogs
CockerSpanielAmerican01_11414	European_Dogs	European_Dogs
CockerSpanielAmerican02	European_Dogs	European_Dogs
CockerSpanielAmerican03	European_Dogs	European_Dogs
CockerSpanielAmerican04	European_Dogs	European_Dogs
CockerSpanielAmerican05	European_Dogs	European_Dogs
CockerSpanielAmerican06	European_Dogs	European_Dogs
CockerSpanielAmerican07_12451	European_Dogs	European_Dogs
CockerSpanielAmerican08_12452	European_Dogs	European_Dogs
CockerSpanielAmerican09_12453	European_Dogs	European_Dogs
CockerSpanielEnglish01	European_Dogs	European_Dogs
CockerSpanielEnglish02	European_Dogs	European_Dogs
CockerSpanielEnglish03	European_Dogs	European_Dogs
CockerSpanielEnglish04	European_Dogs	European_Dogs
CockerSpanielEnglish05	European_Dogs	European_Dogs
CockerSpanielEnglish06	European_Dogs	European_Dogs
CockerSpanielEnglish07_12021	European_Dogs	European_Dogs
CockerSpanielEnglish08_13589	European_Dogs	European_Dogs
CockerSpanielEnglish09_28381	European_Dogs	European_Dogs
Collie01_13303	European_Dogs	European_Dogs
Collie02_28861	European_Dogs	European_Dogs
Collie03_29554	European_Dogs	European_Dogs
Coonhound01	European_Dogs	European_Dogs
CotonDeTulear01_33217	African_NearEast_India_Dogs	African_NearEast_India_Dogs
CotonDeTulear02	African_NearEast_India_Dogs	African_NearEast_India_Dogs
CotonDeTulear03_33882	African_NearEast_India_Dogs	African_NearEast_India_Dogs
Coyote01	Wolves	Outgroup
Coyote02	Wolves	Outgroup
Coyote03	Wolves	Outgroup
Coyote04	Wolves	Outgroup
Coyote05	Wolves	Outgroup
Coyote06	Wolves	Outgroup
Coyote07	Wolves	Outgroup
Coyote08	Wolves	Outgroup
CretanTracer01	European_Dogs	European_Dogs
CretanTracer02	European_Dogs	European_Dogs
CretanTracer03	European_Dogs	European_Dogs
CretanTracer04	European_Dogs	European_Dogs
CretanTracer05	European_Dogs	European_Dogs
CurlyCoatedRetriever01	European_Dogs	European_Dogs
CurlyCoatedRetriever02	European_Dogs	European_Dogs
CurlyCoatedRetriever03	European_Dogs	European_Dogs
CurlyCoatedRetriever04	European_Dogs	European_Dogs
CurlyCoatedRetriever05	European_Dogs	European_Dogs
Dachshund01	European_Dogs	European_Dogs
Dachshund02	European_Dogs	European_Dogs
Dachshund03	European_Dogs	European_Dogs
Dachshund04	European_Dogs	European_Dogs
Dachshund05	European_Dogs	European_Dogs
Dachshund06_8242	European_Dogs	European_Dogs
Dachshund07_8249	European_Dogs	European_Dogs
Dachshund08_12335	European_Dogs	European_Dogs
Dachshund09_27368	European_Dogs	European_Dogs
Dachshund10_8257	European_Dogs	European_Dogs
Dachshund11_8272	European_Dogs	European_Dogs
Dachshund12	European_Dogs	European_Dogs
Dachshund13	European_Dogs	European_Dogs
Dachshund14	European_Dogs	European_Dogs
Dachshund15	European_Dogs	European_Dogs
Dachshund16	European_Dogs	European_Dogs
Dalmatian01	European_Dogs	European_Dogs
Dalmatian02	European_Dogs	European_Dogs
Dalmatian03_7305	European_Dogs	European_Dogs
Dalmatian04_13301	European_Dogs	European_Dogs
DandieDinmontTerrier01_7731	European_Dogs	European_Dogs
DandieDinmontTerrier02_7732	European_Dogs	European_Dogs
DandieDinmontTerrier03_7733	European_Dogs	European_Dogs
Dhole02	Wolves	Outgroup
Dingo01	East_Asian_Dogs	East_Asian_Dogs
Dingo02_34694	East_Asian_Dogs	East_Asian_Dogs
Dingo03_35294	East_Asian_Dogs	East_Asian_Dogs
Dingo04_35295	East_Asian_Dogs	East_Asian_Dogs
Dingo05_35296	East_Asian_Dogs	East_Asian_Dogs
Dingo06_35297	East_Asian_Dogs	East_Asian_Dogs
Dingo07_35298	East_Asian_Dogs	East_Asian_Dogs
Dingo08_35299	East_Asian_Dogs	East_Asian_Dogs
Dingo09_35300	East_Asian_Dogs	East_Asian_Dogs
Dingo10_35301	East_Asian_Dogs	East_Asian_Dogs
Dingo11_35302	East_Asian_Dogs	East_Asian_Dogs
Dingo12_35303	East_Asian_Dogs	East_Asian_Dogs
Dingo13_35304	East_Asian_Dogs	East_Asian_Dogs
Dingo14_35305	East_Asian_Dogs	East_Asian_Dogs
Dingo15_35306	East_Asian_Dogs	East_Asian_Dogs
Dingo16_35307	East_Asian_Dogs	East_Asian_Dogs
Dingo17_35308	East_Asian_Dogs	East_Asian_Dogs
Dingo18_35309	East_Asian_Dogs	East_Asian_Dogs
Dingo19_35310	East_Asian_Dogs	East_Asian_Dogs
Dingo20_35311	East_Asian_Dogs	East_Asian_Dogs
Dingo21_35312	East_Asian_Dogs	East_Asian_Dogs
Dingo22_35313	East_Asian_Dogs	East_Asian_Dogs
Dingo23	East_Asian_Dogs	East_Asian_Dogs
Dingo24	East_Asian_Dogs	East_Asian_Dogs
Dingo25	East_Asian_Dogs	East_Asian_Dogs
Dingo26	East_Asian_Dogs	East_Asian_Dogs
Dingo27	East_Asian_Dogs	East_Asian_Dogs
Dingo28	East_Asian_Dogs	East_Asian_Dogs
Dingo29	East_Asian_Dogs	East_Asian_Dogs
Dingo30	East_Asian_Dogs	East_Asian_Dogs
Dingo31	East_Asian_Dogs	East_Asian_Dogs
Dingo32	East_Asian_Dogs	East_Asian_Dogs
Doberman01	European_Dogs	European_Dogs
Doberman02	European_Dogs	European_Dogs
Doberman03	European_Dogs	European_Dogs
Doberman04	European_Dogs	European_Dogs
Doberman05	European_Dogs	European_Dogs
Doberman06	European_Dogs	European_Dogs
Doberman07	European_Dogs	European_Dogs
Doberman08	European_Dogs	European_Dogs
DogoArgentino01_22900	European_Dogs	European_Dogs
DogoArgentino02_33067	European_Dogs	European_Dogs
DogueDeBordeaux01_25487	European_Dogs	European_Dogs
DutchShepherd01	European_Dogs	European_Dogs
EastSiberianLaika01	Arctic_Dogs	Arctic_Dogs
Elo01	European_Dogs	European_Dogs
EnglishBulldog01	European_Dogs	European_Dogs
EnglishFoxhound02_947	European_Dogs	European_Dogs
EnglishFoxhound03_27119	European_Dogs	European_Dogs
EnglishMastiff01_21270	European_Dogs	European_Dogs
EnglishMastiff02	European_Dogs	European_Dogs
EnglishMastiff03_24151	European_Dogs	European_Dogs
EnglishMastiff04_30097	European_Dogs	European_Dogs
EnglishMastiff05	European_Dogs	European_Dogs
EnglishMastiff06	European_Dogs	European_Dogs
EnglishPointer01	European_Dogs	European_Dogs
EnglishPointer02	European_Dogs	European_Dogs
EnglishSetter01	European_Dogs	European_Dogs
EnglishSetter02	European_Dogs	European_Dogs
EnglishSetter03	European_Dogs	European_Dogs
EnglishSetter04_15386	European_Dogs	European_Dogs
EnglishSetter05_26982	European_Dogs	European_Dogs
EnglishSetter07	European_Dogs	European_Dogs
EnglishSetter08	European_Dogs	European_Dogs
EnglishSpringerSpaniel01	European_Dogs	European_Dogs
EnglishSpringerSpaniel03	European_Dogs	European_Dogs
EnglishSpringerSpaniel04_4238	European_Dogs	European_Dogs
EnglishSpringerSpaniel05_4239	European_Dogs	European_Dogs
EnglishSpringerSpaniel07	European_Dogs	European_Dogs
EnglishSpringerSpaniel08	European_Dogs	European_Dogs
EnglishSpringerSpaniel09	European_Dogs	European_Dogs
EnglishSpringerSpaniel10	European_Dogs	European_Dogs
EntlebucherSennenhund01	European_Dogs	European_Dogs
EntlebucherSennenhund02	European_Dogs	European_Dogs
EntlebucherSennenhund03	European_Dogs	European_Dogs
EntlebucherSennenhund04	European_Dogs	European_Dogs
EntlebucherSennenhund05	European_Dogs	European_Dogs
EntlebucherSennenhund06	European_Dogs	European_Dogs
EntlebucherSennenhund07	European_Dogs	European_Dogs
EntlebucherSennenhund08	European_Dogs	European_Dogs
EntlebucherSennenhund09_12841	European_Dogs	European_Dogs
EntlebucherSennenhund10_12842	European_Dogs	European_Dogs
EntlebucherSennenhund11_12859	European_Dogs	European_Dogs
EthiopianWolf01	Wolves	Outgroup
Eurasier01	European_Dogs	European_Dogs
Eurasier02	European_Dogs	European_Dogs
Eurasier03_22815	European_Dogs	European_Dogs
FieldSpaniel01	European_Dogs	European_Dogs
FieldSpaniel02_27364	European_Dogs	European_Dogs
FieldSpaniel03_28377	European_Dogs	European_Dogs
FieldSpaniel04_28378	European_Dogs	European_Dogs
FinnishLapphund01	European_Dogs	European_Dogs
FinnishSpitz01_7309	European_Dogs	European_Dogs
FlatCoatedRetriever01_20576	European_Dogs	European_Dogs
FlatCoatedRetriever02_24743	European_Dogs	European_Dogs
FlatCoatedRetriever03_28051	European_Dogs	European_Dogs
FlatCoatedRetriever04_9023	European_Dogs	European_Dogs
FlatCoatedRetriever05_23470	European_Dogs	European_Dogs
FlatCoatedRetriever06_25517	European_Dogs	European_Dogs
FlatCoatedRetriever07_25539	European_Dogs	European_Dogs
FlatCoatedRetriever08_28072	European_Dogs	European_Dogs
FlatCoatedRetriever09_28203	European_Dogs	European_Dogs
FlatCoatedRetriever10_30377	European_Dogs	European_Dogs
FlatCoatedRetriever11_30651	European_Dogs	European_Dogs
FlatCoatedRetriever12_31166	European_Dogs	European_Dogs
FlatCoatedRetriever13	European_Dogs	European_Dogs
FonniDog01_29859	European_Dogs	European_Dogs
FrenchBulldog01	European_Dogs	European_Dogs
FrenchBulldog02	European_Dogs	European_Dogs
FrenchBulldog03_14473	European_Dogs	European_Dogs
FrenchBulldog04_14477	European_Dogs	European_Dogs
FrenchBulldog05_16072	European_Dogs	European_Dogs
GL01.01	Arctic_Dogs	Arctic_Dogs
GL01.02	Arctic_Dogs	Arctic_Dogs
GL01.03	Arctic_Dogs	Arctic_Dogs
GL01.05	Arctic_Dogs	Arctic_Dogs
GL01.17	Arctic_Dogs	Arctic_Dogs
GL01.18	Arctic_Dogs	Arctic_Dogs
GL01.23	Arctic_Dogs	Arctic_Dogs
GL03.03	Arctic_Dogs	Arctic_Dogs
GL03.09	Arctic_Dogs	Arctic_Dogs
GL04.01	Arctic_Dogs	Arctic_Dogs
GL05.05	Arctic_Dogs	Arctic_Dogs
GL05.06	Arctic_Dogs	Arctic_Dogs
GL07.04	Arctic_Dogs	Arctic_Dogs
GL07.05	Arctic_Dogs	Arctic_Dogs
GL07.26	Arctic_Dogs	Arctic_Dogs
GL07.34	Arctic_Dogs	Arctic_Dogs
GL07.35	Arctic_Dogs	Arctic_Dogs
GL07.36	Arctic_Dogs	Arctic_Dogs
GL08.03	Arctic_Dogs	Arctic_Dogs
GL08.11	Arctic_Dogs	Arctic_Dogs
GL08.17	Arctic_Dogs	Arctic_Dogs
GL09.07	Arctic_Dogs	Arctic_Dogs
GL10.04	Arctic_Dogs	Arctic_Dogs
GL10.17	Arctic_Dogs	Arctic_Dogs
GL10.19	Arctic_Dogs	Arctic_Dogs
GL11.06	Arctic_Dogs	Arctic_Dogs
GL11.08	Arctic_Dogs	Arctic_Dogs
GL11.13	Arctic_Dogs	Arctic_Dogs
GL11.17	Arctic_Dogs	Arctic_Dogs
GL11.18	Arctic_Dogs	Arctic_Dogs
GL11.19	Arctic_Dogs	Arctic_Dogs
GL12.01	Arctic_Dogs	Arctic_Dogs
GL12.05	Arctic_Dogs	Arctic_Dogs
GL12.08	Arctic_Dogs	Arctic_Dogs
GL12.12	Arctic_Dogs	Arctic_Dogs
GL12.13	Arctic_Dogs	Arctic_Dogs
GL13.04	Arctic_Dogs	Arctic_Dogs
GL13.07	Arctic_Dogs	Arctic_Dogs
GL13.09	Arctic_Dogs	Arctic_Dogs
GL14.06	Arctic_Dogs	Arctic_Dogs
GL14.07	Arctic_Dogs	Arctic_Dogs
GL14.08	Arctic_Dogs	Arctic_Dogs
GL14.12	Arctic_Dogs	Arctic_Dogs
GL14.17	Arctic_Dogs	Arctic_Dogs
GL15.04	Arctic_Dogs	Arctic_Dogs
GL15.12	Arctic_Dogs	Arctic_Dogs
GL15.26	Arctic_Dogs	Arctic_Dogs
GL15.27	Arctic_Dogs	Arctic_Dogs
GL15.44	Arctic_Dogs	Arctic_Dogs
GL15.49	Arctic_Dogs	Arctic_Dogs
GL15.52	Arctic_Dogs	Arctic_Dogs
GL15.61	Arctic_Dogs	Arctic_Dogs
GL15.62	Arctic_Dogs	Arctic_Dogs
GL15.63	Arctic_Dogs	Arctic_Dogs
GL28.02	Arctic_Dogs	Arctic_Dogs
GermanHuntingTerrier01	European_Dogs	European_Dogs
GermanShepherd01	European_Dogs	European_Dogs
GermanShepherd02	European_Dogs	European_Dogs
GermanShepherd03	European_Dogs	European_Dogs
GermanShepherd04	European_Dogs	European_Dogs
GermanShepherd05	European_Dogs	European_Dogs
GermanShepherd06	European_Dogs	European_Dogs
GermanShepherd07	European_Dogs	European_Dogs
GermanShepherd08	European_Dogs	European_Dogs
GermanShepherd09	European_Dogs	European_Dogs
GermanShepherd10	European_Dogs	European_Dogs
GermanShepherd11	European_Dogs	European_Dogs
GermanShepherd12	European_Dogs	European_Dogs
GermanShepherd13	European_Dogs	European_Dogs
GermanShepherd14	European_Dogs	European_Dogs
GermanShepherd15	European_Dogs	European_Dogs
GermanShepherd16_12786	European_Dogs	European_Dogs
GermanShepherd17_13170	European_Dogs	European_Dogs
GermanShepherd18_14567	European_Dogs	European_Dogs
GermanShepherd19_30892	European_Dogs	European_Dogs
GermanShepherd20_30910	European_Dogs	European_Dogs
GermanShepherd21_30925	European_Dogs	European_Dogs
GermanShepherd22_30958	European_Dogs	European_Dogs
GermanShepherd23_35050	European_Dogs	European_Dogs
GermanShepherd24_35053	European_Dogs	European_Dogs
GermanShepherd25_35054	European_Dogs	European_Dogs
GermanShepherd26_35063	European_Dogs	European_Dogs
GermanShepherd27	European_Dogs	European_Dogs
GermanShepherd28	European_Dogs	European_Dogs
GermanShepherd29	European_Dogs	European_Dogs
GermanShorthairedPointer01_30644	European_Dogs	European_Dogs
GermanShorthairedPointer02_30645	European_Dogs	European_Dogs
GermanWirehairedPointer01	European_Dogs	European_Dogs
GermanWirehairedPointer02_2484	European_Dogs	European_Dogs
GermanWirehairedPointer03_2486	European_Dogs	European_Dogs
GiantSchnauzer01_20570	European_Dogs	European_Dogs
GiantSchnauzer02_21940	European_Dogs	European_Dogs
GiantSchnauzer03_21939	European_Dogs	European_Dogs
GiantSchnauzer04_26265	European_Dogs	European_Dogs
GiantSchnauzer05	European_Dogs	European_Dogs
GlenofImaalTerrier01_4258	European_Dogs	European_Dogs
GlenofImaalTerrier02_4263	European_Dogs	European_Dogs
GlenofImaalTerrier03_4265	European_Dogs	European_Dogs
GlenofImaalTerrier04_4266	European_Dogs	European_Dogs
GlenofImaalTerrier05_4268	European_Dogs	European_Dogs
GlenofImallTerrier06_4261	European_Dogs	European_Dogs
GoldenJackal01	Wolves	Outgroup
GoldenJackal02	Wolves	Outgroup
GoldenJackal03	Wolves	Outgroup
GoldenRetriever01	European_Dogs	European_Dogs
GoldenRetriever02	European_Dogs	European_Dogs
GoldenRetriever03	European_Dogs	European_Dogs
GoldenRetriever05	European_Dogs	European_Dogs
GoldenRetriever06	European_Dogs	European_Dogs
GoldenRetriever07	European_Dogs	European_Dogs
GoldenRetriever08	European_Dogs	European_Dogs
GoldenRetriever09	European_Dogs	European_Dogs
GoldenRetriever10	European_Dogs	European_Dogs
GoldenRetriever11	European_Dogs	European_Dogs
GoldenRetriever12	European_Dogs	European_Dogs
GoldenRetriever13	European_Dogs	European_Dogs
GoldenRetriever14	European_Dogs	European_Dogs
GoldenRetriever15	European_Dogs	European_Dogs
GoldenRetriever16	European_Dogs	European_Dogs
GoldenRetriever17	European_Dogs	European_Dogs
GoldenRetriever18	European_Dogs	European_Dogs
GoldenRetriever19	European_Dogs	European_Dogs
GoldenRetriever20	European_Dogs	European_Dogs
GoldenRetriever21	European_Dogs	European_Dogs
GoldenRetriever22_797	European_Dogs	European_Dogs
GoldenRetriever23_25512	European_Dogs	European_Dogs
GoldenRetriever24	European_Dogs	European_Dogs
GoldenRetriever25	European_Dogs	European_Dogs
GoldenRetriever26	European_Dogs	European_Dogs
GoldenRetriever27	European_Dogs	European_Dogs
GoldenRetriever28	European_Dogs	European_Dogs
GoldenRetriever29	European_Dogs	European_Dogs
GordonSetter01	European_Dogs	European_Dogs
GordonSetter02	European_Dogs	European_Dogs
GrandeBassetGriffonVendeen01_5370	European_Dogs	European_Dogs
GrandeBassetGriffonVendeen02_5372	European_Dogs	European_Dogs
GrandeBassetGriffonVendeen03_5373	European_Dogs	European_Dogs
GrayFox01	Wolves	Outgroup
GreatDane01_6610	European_Dogs	European_Dogs
GreatDane02	European_Dogs	European_Dogs
GreatDane03	European_Dogs	European_Dogs
GreatDane04	European_Dogs	European_Dogs
GreatDane05	European_Dogs	European_Dogs
GreatPlainsWolf01	Wolves	North_American_Wolves
GreatPyrenees01	European_Dogs	European_Dogs
GreaterSwissMountainDog01	European_Dogs	European_Dogs
GreaterSwissMountainDog01_Reseq_25402	European_Dogs	European_Dogs
GreaterSwissMountainDog02	European_Dogs	European_Dogs
GreaterSwissMountainDog03	European_Dogs	European_Dogs
GreaterSwissMountainDog04	European_Dogs	European_Dogs
GreaterSwissMountainDog05	European_Dogs	European_Dogs
GreekTracer01	European_Dogs	European_Dogs
GreekTracer02	European_Dogs	European_Dogs
GreekTracer03	European_Dogs	European_Dogs
GreekTracer04	European_Dogs	European_Dogs
GreekTracer05	European_Dogs	European_Dogs
GreenlandDog01	Arctic_Dogs	Arctic_Dogs
Greyhound01	European_Dogs	European_Dogs
Greyhound02	European_Dogs	European_Dogs
Greyhound03	European_Dogs	European_Dogs
Greyhound04	European_Dogs	European_Dogs
Greyhound05	European_Dogs	European_Dogs
Greyhound06	European_Dogs	European_Dogs
Greyhound07	European_Dogs	European_Dogs
Greyhound08	European_Dogs	European_Dogs
Greyhound09	European_Dogs	European_Dogs
Greyhound10	European_Dogs	European_Dogs
Grossspitz01	European_Dogs	European_Dogs
Havanese01	European_Dogs	European_Dogs
Havanese02	European_Dogs	European_Dogs
Havanese03	European_Dogs	European_Dogs
Havanese04	European_Dogs	European_Dogs
Havanese05	European_Dogs	European_Dogs
Havanese06	European_Dogs	European_Dogs
Heideterrier01	European_Dogs	European_Dogs
HighlandWildDog01_34326	Wolves	Wolves
HighlandWildDog02_34327	Wolves	Wolves
HighlandWildDog03_35837	Wolves	Wolves
Hovawart01	European_Dogs	European_Dogs
Hovawart02	European_Dogs	European_Dogs
Hovawart03	European_Dogs	European_Dogs
IbizanHound01_1171	European_Dogs	European_Dogs
IbizanHound02_1172	European_Dogs	European_Dogs
IbizanHound03_1228	European_Dogs	European_Dogs
IbizanHound04_1230	European_Dogs	European_Dogs
IbizanHound05_1164	European_Dogs	European_Dogs
IbizanHound06_1316	European_Dogs	European_Dogs
IbizanHound07_21535	European_Dogs	European_Dogs
IcelandicSheepdog01_30708	European_Dogs	European_Dogs
IcelandicSheepdog02_30709	European_Dogs	European_Dogs
IndigenousDogNigeria01	African_NearEast_India_Dogs	African_NearEast_India_Dogs
IndigenousDogNigeria02	African_NearEast_India_Dogs	African_NearEast_India_Dogs
IndigenousDogNigeria03	African_NearEast_India_Dogs	African_NearEast_India_Dogs
IndigenousDogNigeria04	African_NearEast_India_Dogs	African_NearEast_India_Dogs
IndigenousDogVietnam01	East_Asian_Dogs	East_Asian_Dogs
IndigenousDogVietnam02	East_Asian_Dogs	East_Asian_Dogs
IndigenousDogVietnam03	East_Asian_Dogs	East_Asian_Dogs
IndigenousDogVietnam04	East_Asian_Dogs	East_Asian_Dogs
IndigenousDogVietnam05	East_Asian_Dogs	East_Asian_Dogs
IrishRedandWhiteSetter01_5386	European_Dogs	European_Dogs
IrishSetter01_29781	European_Dogs	European_Dogs
IrishTerrier01	European_Dogs	European_Dogs
IrishTerrier02	European_Dogs	European_Dogs
IrishTerrier03_31717	European_Dogs	European_Dogs
IrishTerrier04	European_Dogs	European_Dogs
IrishWaterSpaniel01_28373	European_Dogs	European_Dogs
IrishWaterSpaniel02_30479	European_Dogs	European_Dogs
IrishWaterSpaniel03_30480	European_Dogs	European_Dogs
IrishWaterSpaniel04_30856	European_Dogs	European_Dogs
IrishWaterSpaniel05_30861	European_Dogs	European_Dogs
IrishWaterSpaniel06_30864	European_Dogs	European_Dogs
IrishWaterSpaniel07	European_Dogs	European_Dogs
IrishWolfhound01_21534	European_Dogs	European_Dogs
IstrianShorthairedHound01	European_Dogs	European_Dogs
ItalianGreyhound01	European_Dogs	European_Dogs
ItalianGreyhound02	European_Dogs	European_Dogs
JackRussellTerrier02	European_Dogs	European_Dogs
JackRussellTerrier03	European_Dogs	European_Dogs
JackRussellTerrier04	European_Dogs	European_Dogs
JackRussellTerrier05	European_Dogs	European_Dogs
JackRussellTerrier06	European_Dogs	European_Dogs
JackRussellTerrier07	European_Dogs	European_Dogs
JackRussellTerrier08	European_Dogs	European_Dogs
JackRussellTerrier09	European_Dogs	European_Dogs
Jamthund01	European_Dogs	European_Dogs
JapaneseChin01_12777	East_Asian_Dogs	East_Asian_Dogs
JapaneseChin03_24956	East_Asian_Dogs	East_Asian_Dogs
JapaneseChin04_24329	East_Asian_Dogs	East_Asian_Dogs
Jindo01	East_Asian_Dogs	East_Asian_Dogs
Keeshond01_29779	European_Dogs	European_Dogs
Keeshond02_34863	European_Dogs	European_Dogs
Keeshond03_35078	European_Dogs	European_Dogs
KellyBlueTerrier03	European_Dogs	European_Dogs
KerryBlueTerrier02	European_Dogs	European_Dogs
KintamaniDog01	East_Asian_Dogs	East_Asian_Dogs
Komondor01_29392	European_Dogs	European_Dogs
Kromfohrlander01	European_Dogs	European_Dogs
KunmingDog01	East_Asian_Dogs	East_Asian_Dogs
KunmingDog02	East_Asian_Dogs	East_Asian_Dogs
KunmingDog03	East_Asian_Dogs	East_Asian_Dogs
KunmingDog04	East_Asian_Dogs	East_Asian_Dogs
KunmingDog05	East_Asian_Dogs	East_Asian_Dogs
KunmingDog06	East_Asian_Dogs	East_Asian_Dogs
KunmingDog07	East_Asian_Dogs	East_Asian_Dogs
KunmingDog08	East_Asian_Dogs	East_Asian_Dogs
KunmingDog09	East_Asian_Dogs	East_Asian_Dogs
KunmingDog10	East_Asian_Dogs	East_Asian_Dogs
KunmingDog11	East_Asian_Dogs	East_Asian_Dogs
KunmingDog12	East_Asian_Dogs	East_Asian_Dogs
KunmingDog13	East_Asian_Dogs	East_Asian_Dogs
KunmingDog14	East_Asian_Dogs	East_Asian_Dogs
KunmingDog15	East_Asian_Dogs	East_Asian_Dogs
KunmingDog16	East_Asian_Dogs	East_Asian_Dogs
KunmingDog17	East_Asian_Dogs	East_Asian_Dogs
KunmingDog18	East_Asian_Dogs	East_Asian_Dogs
KunmingDog19	East_Asian_Dogs	East_Asian_Dogs
KunmingDog20	East_Asian_Dogs	East_Asian_Dogs
KunmingDog21	East_Asian_Dogs	East_Asian_Dogs
Kuvasz01_7774	European_Dogs	European_Dogs
Kuvasz01_Reseq_7774	European_Dogs	European_Dogs
Kuvasz02_6230	European_Dogs	European_Dogs
Kuvasz03_7525	European_Dogs	European_Dogs
Kuvasz04	European_Dogs	European_Dogs
LabradorRetriever01	European_Dogs	European_Dogs
LabradorRetriever02	European_Dogs	European_Dogs
LabradorRetriever03	European_Dogs	European_Dogs
LabradorRetriever04	European_Dogs	European_Dogs
LabradorRetriever05	European_Dogs	European_Dogs
LabradorRetriever06	European_Dogs	European_Dogs
LabradorRetriever07	European_Dogs	European_Dogs
LabradorRetriever08	European_Dogs	European_Dogs
LabradorRetriever10	European_Dogs	European_Dogs
LabradorRetriever12	European_Dogs	European_Dogs
LabradorRetriever13	European_Dogs	European_Dogs
LabradorRetriever14	European_Dogs	European_Dogs
LabradorRetriever15	European_Dogs	European_Dogs
LabradorRetriever16	European_Dogs	European_Dogs
LabradorRetriever17	European_Dogs	European_Dogs
LabradorRetriever18	European_Dogs	European_Dogs
LabradorRetriever19	European_Dogs	European_Dogs
LabradorRetriever20	European_Dogs	European_Dogs
LabradorRetriever21	European_Dogs	European_Dogs
LabradorRetriever22	European_Dogs	European_Dogs
LabradorRetriever23	European_Dogs	European_Dogs
LabradorRetriever24	European_Dogs	European_Dogs
LabradorRetriever25	European_Dogs	European_Dogs
LabradorRetriever26	European_Dogs	European_Dogs
LagottoRomagnolo01	European_Dogs	European_Dogs
LagottoRomagnolo02	European_Dogs	European_Dogs
LagottoRomagnolo03	European_Dogs	European_Dogs
LagottoRomagnolo04	European_Dogs	European_Dogs
LagottoRomagnolo05	European_Dogs	European_Dogs
LagottoRomagnolo06	European_Dogs	European_Dogs
LagottoRomagnolo07_31299	European_Dogs	European_Dogs
LagottoRomagnolo08_31603	European_Dogs	European_Dogs
LagottoRomagnolo09_33195	European_Dogs	European_Dogs
LancashireHeeler01_5375	European_Dogs	European_Dogs
LancashireHeeler02_5378	European_Dogs	European_Dogs
LancashireHeeler03_33512	European_Dogs	European_Dogs
Landseer01	European_Dogs	European_Dogs
LapponianHerder01	European_Dogs	European_Dogs
Leonberger01	European_Dogs	European_Dogs
Leonberger02	European_Dogs	European_Dogs
Leonberger03	European_Dogs	European_Dogs
Leonberger04	European_Dogs	European_Dogs
Leonberger05	European_Dogs	European_Dogs
Leonberger06	European_Dogs	European_Dogs
Leonberger07	European_Dogs	European_Dogs
Leonberger08	European_Dogs	European_Dogs
Leonberger09	European_Dogs	European_Dogs
Leonberger10	European_Dogs	European_Dogs
Leonberger11	European_Dogs	European_Dogs
Leonberger12	European_Dogs	European_Dogs
Leonberger13	European_Dogs	European_Dogs
Leonberger14	European_Dogs	European_Dogs
Leonberger15	European_Dogs	European_Dogs
Leonberger16	European_Dogs	European_Dogs
Leonberger17	European_Dogs	European_Dogs
Leonberger18	European_Dogs	European_Dogs
Leonberger19	European_Dogs	European_Dogs
Leonberger20	European_Dogs	European_Dogs
Leonberger21	European_Dogs	European_Dogs
Leonberger22_20043	European_Dogs	European_Dogs
Leonberger23_20044	European_Dogs	European_Dogs
LhasaApso01_6220	East_Asian_Dogs	East_Asian_Dogs
LhasaApso02_20104	East_Asian_Dogs	East_Asian_Dogs
LhasaApso03_26983	East_Asian_Dogs	East_Asian_Dogs
LhasaApso04	East_Asian_Dogs	East_Asian_Dogs
Lowchen01	European_Dogs	European_Dogs
MIX_AmericanCocker_Beagle01	European_Dogs	European_Dogs
MIX_AmericanCocker_Beagle02	European_Dogs	European_Dogs
MIX_AmericanCocker_Beagle03	European_Dogs	European_Dogs
MIX_Dachshund01	European_Dogs	European_Dogs
MIX_GoldenRetriever01	European_Dogs	European_Dogs
MIX_KerryBlueTerrier_Beagle01	European_Dogs	European_Dogs
MIX_LabradorRetriever01	European_Dogs	European_Dogs
MIX_MiniatureSchnauzer_Beagle01	European_Dogs	European_Dogs
Maltese01_27447	European_Dogs	European_Dogs
Maltese02_1257	European_Dogs	European_Dogs
Maltese03	European_Dogs	European_Dogs
Maltese04	European_Dogs	European_Dogs
Maltese05	European_Dogs	European_Dogs
Maltese06	European_Dogs	European_Dogs
Maltese07	European_Dogs	European_Dogs
Maltese08	European_Dogs	European_Dogs
Maltese09	European_Dogs	European_Dogs
Maltese10	European_Dogs	European_Dogs
Maltese11	European_Dogs	European_Dogs
Maltese12	European_Dogs	European_Dogs
Maltese13	European_Dogs	European_Dogs
Maltese14	European_Dogs	European_Dogs
Maltese15	European_Dogs	European_Dogs
Maremma01_21897	European_Dogs	European_Dogs
MastinoAbruzzese01_24546	European_Dogs	European_Dogs
MauritianDog01	African_NearEast_India_Dogs	African_NearEast_India_Dogs
MexicanHairless01	Americas_Dogs	Americas_Dogs
MiniatureBullTerrier01	European_Dogs	European_Dogs
MiniatureBullTerrier02_23778	European_Dogs	European_Dogs
MiniatureBullTerrier03_23779	European_Dogs	European_Dogs
MiniatureBullTerrier04	European_Dogs	European_Dogs
MiniatureBullTerrier05_11474	European_Dogs	European_Dogs
MiniaturePinscher01_12874	European_Dogs	European_Dogs
MiniaturePoodle01_27535	European_Dogs	European_Dogs
MiniaturePoodle02	European_Dogs	European_Dogs
MiniaturePoodle03_27597	European_Dogs	European_Dogs
MiniatureSchnauzer01	European_Dogs	European_Dogs
MiniatureSchnauzer02	European_Dogs	European_Dogs
MiniatureSchnauzer03	European_Dogs	European_Dogs
MiniatureSchnauzer04_21475	European_Dogs	European_Dogs
MiniatureSchnauzer05	European_Dogs	European_Dogs
MiniatureSchnauzer06	European_Dogs	European_Dogs
MiniatureSchnauzer07	European_Dogs	European_Dogs
MiniatureSchnauzer08	European_Dogs	European_Dogs
MiniatureSchnauzer09	European_Dogs	European_Dogs
MiniatureSchnauzer10	European_Dogs	European_Dogs
MiniatureSchnauzer11	European_Dogs	European_Dogs
MiniatureSchnauzer12	European_Dogs	European_Dogs
MiniatureSchnauzer13	European_Dogs	European_Dogs
MiniatureSchnauzer14	European_Dogs	European_Dogs
MiniatureSchnauzer15	European_Dogs	European_Dogs
MiniatureSchnauzer17	European_Dogs	European_Dogs
MiniatureSchnauzer18_24692	European_Dogs	European_Dogs
MixedBreed06	East_Asian_Dogs	East_Asian_Dogs
MixedBreed07	Arctic_Dogs	Arctic_Dogs
MixedBreed08	European_Dogs	European_Dogs
MixedBreed09_27941	European_Dogs	European_Dogs
MixedBreed10	European_Dogs	European_Dogs
MountainCur01_9321	European_Dogs	European_Dogs
MountainCur02_33066	European_Dogs	European_Dogs
MountainCur03_33173	European_Dogs	European_Dogs
MountainCur04_33312	European_Dogs	European_Dogs
Mudi01_33142	European_Dogs	European_Dogs
Mudi01_Reseq_33142	European_Dogs	European_Dogs
Mudi02_33179	European_Dogs	European_Dogs
NeapolitanMastiff01_23560	European_Dogs	European_Dogs
NeapolitanMastiff02_23561	European_Dogs	European_Dogs
NewGuineaSingingDog01_30192	Wolves	Wolves
NewGuineaSingingDog02	Wolves	Wolves
NewGuineaSingingDog03	Wolves	Wolves
NewGuineaSingingDog04	Wolves	Wolves
NewGuineaSingingDog07_30192r	Wolves	Wolves
NewGuineaSingingDog08_34692	Wolves	Wolves
NewGuineaSingingDog09_35129	Wolves	Wolves
NewGuineaSingingDog10_35130	Wolves	Wolves
NewGuineaSingingDog11_35131	Wolves	Wolves
NewGuineaSingingDog12_35132	Wolves	Wolves
NewGuineaSingingDog13_34695	Wolves	Wolves
NewGuineaSingingDog14_34699	Wolves	Wolves
NewGuineaSingingDog15_35133	Wolves	Wolves
NewGuineaSingingDog16	Wolves	Wolves
NewGuineaSingingDog17	Wolves	Wolves
Newfoundland01	European_Dogs	European_Dogs
Newfoundland02	European_Dogs	European_Dogs
Newfoundland03_29596	European_Dogs	European_Dogs
Newfoundland04	European_Dogs	European_Dogs
Newfoundland05_29395	European_Dogs	European_Dogs
NorfolkTerrier01_4675	European_Dogs	European_Dogs
NorfolkTerrier02_5353	European_Dogs	European_Dogs
NorwegianBuhund01_25380	European_Dogs	European_Dogs
NorwegianBuhund02_31794	European_Dogs	European_Dogs
NorwegianElkhound01	European_Dogs	European_Dogs
NorwegianElkhound02_29785	European_Dogs	European_Dogs
NorwegianElkhound03_1011	European_Dogs	European_Dogs
NorwegianElkhound04_1012	European_Dogs	European_Dogs
NorwegianElkhound05_31276	European_Dogs	European_Dogs
NorwegianElkhound06_31968	European_Dogs	European_Dogs
NorwegianLundehund01	European_Dogs	European_Dogs
NorwegianLundehund02	European_Dogs	European_Dogs
NorwegianLundehund03	European_Dogs	European_Dogs
NorwegianLundehund04_31115	European_Dogs	European_Dogs
NorwegianLundehund05_31832	European_Dogs	European_Dogs
NorwegianLundehund06_31833	European_Dogs	European_Dogs
NorwichTerrier01	European_Dogs	European_Dogs
NorwichTerrier02	European_Dogs	European_Dogs
NorwichTerrier03	European_Dogs	European_Dogs
NorwichTerrier04	European_Dogs	European_Dogs
NorwichTerrier05_25012	European_Dogs	European_Dogs
NorwichTerrier06_25013	European_Dogs	European_Dogs
NovaScotiaDuckTollingRetriever01	European_Dogs	European_Dogs
NovaScotiaDuckTollingRetriever02_13604	European_Dogs	European_Dogs
OldEnglishSheepdog01_5990	European_Dogs	European_Dogs
OldEnglishSheepdog02_6003	European_Dogs	European_Dogs
OldEnglishSheepdog03_6014	European_Dogs	European_Dogs
Otterhound01_26411	European_Dogs	European_Dogs
Otterhound02_26412	European_Dogs	European_Dogs
Otterhound03_26413	European_Dogs	European_Dogs
Otterhound04	European_Dogs	European_Dogs
Papillon01_22902	European_Dogs	European_Dogs
Papillon02_27882	European_Dogs	European_Dogs
ParsonsRussellTerrier01	European_Dogs	European_Dogs
ParsonsRussellTerrier02_12325	European_Dogs	European_Dogs
PatagonianOvejeroDog01_33712	European_Dogs	European_Dogs
PatagonianOvejeroDog02_33715	European_Dogs	European_Dogs
PatagonianOvejeroDog03_34829	European_Dogs	European_Dogs
PatagonianOvejeroDog04_34830	European_Dogs	European_Dogs
PatagonianOvejeroDog05_34831	European_Dogs	European_Dogs
PatagonianOvejeroDog06_34833	European_Dogs	European_Dogs
PatagonianOvejeroDog07_34834	European_Dogs	European_Dogs
Pekingese01_23356	East_Asian_Dogs	East_Asian_Dogs
Pekingese02	East_Asian_Dogs	East_Asian_Dogs
PembrokeWelshCorgi01	European_Dogs	European_Dogs
PembrokeWelshCorgi02	European_Dogs	European_Dogs
PembrokeWelshCorgi03	European_Dogs	European_Dogs
PembrokeWelshCorgi04_29405	European_Dogs	European_Dogs
PembrokeWelshCorgi05_33363	European_Dogs	European_Dogs
PeruvianHairless01	Americas_Dogs	Americas_Dogs
PeruvianVillageDog01	Americas_Dogs	Americas_Dogs
PeruvianVillageDog02	Americas_Dogs	Americas_Dogs
PeruvianVillageDog03	Americas_Dogs	Americas_Dogs
PeruvianVillageDog04	Americas_Dogs	Americas_Dogs
PeruvianVillageDog05	Americas_Dogs	Americas_Dogs
PeruvianVillageDog06	Americas_Dogs	Americas_Dogs
PeruvianVillageDog07	Americas_Dogs	Americas_Dogs
PeruvianVillageDog08	Americas_Dogs	Americas_Dogs
PetitBassetGriffonVendeen01	European_Dogs	European_Dogs
PetitBassetGriffonVendeen02_9402	European_Dogs	European_Dogs
PetitBassetGriffonVendeen03_9419	European_Dogs	European_Dogs
PetitBassetGriffonVendeen04_12353	European_Dogs	European_Dogs
PetitBassetGriffonVendeen05_11478	European_Dogs	European_Dogs
PharaohHound01_27778	European_Dogs	European_Dogs
PharaohHound02_27788	European_Dogs	European_Dogs
PharaohHound03_27789	European_Dogs	European_Dogs
PhuquocRidgeback01_34142	East_Asian_Dogs	East_Asian_Dogs
PhuquocRidgeback02_34878	East_Asian_Dogs	East_Asian_Dogs
PhuquocRidgeback03_34880	East_Asian_Dogs	East_Asian_Dogs
PitBullTerrier01	European_Dogs	European_Dogs
PitBullTerrier02	European_Dogs	European_Dogs
PitBullTerrier03	European_Dogs	European_Dogs
PitBullTerrier04	European_Dogs	European_Dogs
Pointer01_15390	European_Dogs	European_Dogs
Pointer02_15391	European_Dogs	European_Dogs
Pointer03_27378	European_Dogs	European_Dogs
Pointer04	European_Dogs	European_Dogs
Pointer05_9031	European_Dogs	European_Dogs
Pointer06_20568	European_Dogs	European_Dogs
Pointer07_24730	European_Dogs	European_Dogs
Pomeranian01	European_Dogs	European_Dogs
Pomeranian02	European_Dogs	European_Dogs
Pomeranian03_8521	European_Dogs	European_Dogs
PortuguesePodengo01	European_Dogs	European_Dogs
PortuguesePodengoPequeno01_33229	European_Dogs	European_Dogs
PortuguesePodengoPequeno02_34432	European_Dogs	European_Dogs
PortugueseWaterDog01_4528	European_Dogs	European_Dogs
PortugueseWaterDog02_30033	European_Dogs	European_Dogs
PortugueseWaterDog03_30003	European_Dogs	European_Dogs
PortugueseWaterDog04_29986	European_Dogs	European_Dogs
PortugueseWaterDog05_29934	European_Dogs	European_Dogs
PortugueseWaterDog06_29907	European_Dogs	European_Dogs
PortugueseWaterDog07_30187	European_Dogs	European_Dogs
PortugueseWaterDog08_29911	European_Dogs	European_Dogs
PortugueseWaterDog09_30157	European_Dogs	European_Dogs
PortugueseWaterDog09_Reseq_30157	European_Dogs	European_Dogs
PortugueseWaterDog10_29901	European_Dogs	European_Dogs
PortugueseWaterDog11_30165	European_Dogs	European_Dogs
PortugueseWaterDog12	European_Dogs	European_Dogs
PortugueseWaterDog13_5834	European_Dogs	European_Dogs
PortugueseWaterDog15_34618	European_Dogs	European_Dogs
Pug01	East_Asian_Dogs	East_Asian_Dogs
Pug02	East_Asian_Dogs	East_Asian_Dogs
Pug03	East_Asian_Dogs	East_Asian_Dogs
Pug04	East_Asian_Dogs	East_Asian_Dogs
Pug05	East_Asian_Dogs	East_Asian_Dogs
Pug06	East_Asian_Dogs	East_Asian_Dogs
Pug07	East_Asian_Dogs	East_Asian_Dogs
Puli01_27429	European_Dogs	European_Dogs
Pumi01_29689	European_Dogs	European_Dogs
Pumi01_Reseq_29689	European_Dogs	European_Dogs
Pumi02_29695	European_Dogs	European_Dogs
Pumi03_29697	European_Dogs	European_Dogs
QingchuanDog01	East_Asian_Dogs	East_Asian_Dogs
QuebecWolf	Wolves	North_American_Wolves
RedWolf03	Wolves	North_American_Wolves
RedWolf04	Wolves	North_American_Wolves
RedWolf05	Wolves	North_American_Wolves
RedWolf06	Wolves	North_American_Wolves
RhodesianRidgeback01	African_NearEast_India_Dogs	African_NearEast_India_Dogs
RhodesianRidgeback02	African_NearEast_India_Dogs	African_NearEast_India_Dogs
RhodesianRidgeback03	African_NearEast_India_Dogs	African_NearEast_India_Dogs
RhodesianRidgeback04	African_NearEast_India_Dogs	African_NearEast_India_Dogs
RhodesianRidgeback05	African_NearEast_India_Dogs	African_NearEast_India_Dogs
RhodesianRidgeback06_21531	African_NearEast_India_Dogs	African_NearEast_India_Dogs
RhodesianRidgeback07_33172	African_NearEast_India_Dogs	African_NearEast_India_Dogs
RhodesianRidgeback08	African_NearEast_India_Dogs	African_NearEast_India_Dogs
Rottweiler01_21895	European_Dogs	European_Dogs
Rottweiler02	European_Dogs	European_Dogs
Rottweiler03	European_Dogs	European_Dogs
Rottweiler04_30461	European_Dogs	European_Dogs
Rottweiler05	European_Dogs	European_Dogs
Rottweiler06	European_Dogs	European_Dogs
Rottweiler07	European_Dogs	European_Dogs
Rottweiler08	European_Dogs	European_Dogs
Rottweiler09	European_Dogs	European_Dogs
Rottweiler10	European_Dogs	European_Dogs
Rottweiler11_25111	European_Dogs	European_Dogs
Rottweiler12_25123	European_Dogs	European_Dogs
SaintBernard01_1075	European_Dogs	European_Dogs
SaintBernard02	European_Dogs	European_Dogs
SaintBernard03	European_Dogs	European_Dogs
SaintBernard04_12750	European_Dogs	European_Dogs
SaintBernard05_12751	European_Dogs	European_Dogs
SaintBernard06_12749	European_Dogs	European_Dogs
Saluki01_1233	African_NearEast_India_Dogs	African_NearEast_India_Dogs
Saluki02	African_NearEast_India_Dogs	African_NearEast_India_Dogs
Saluki03	African_NearEast_India_Dogs	African_NearEast_India_Dogs
Samoyed01_176	Arctic_Dogs	Arctic_Dogs
Samoyed02	Arctic_Dogs	Arctic_Dogs
Samoyed03_14503	Arctic_Dogs	Arctic_Dogs
Samoyed04_33261	Arctic_Dogs	Arctic_Dogs
Samoyed05_33260	Arctic_Dogs	Arctic_Dogs
Schipperke01_33120	European_Dogs	European_Dogs
Schipperke02_33150	European_Dogs	European_Dogs
ScottishDeerhound01	European_Dogs	European_Dogs
ScottishDeerhound02_31237	European_Dogs	European_Dogs
ScottishDeerhound03_31238	European_Dogs	European_Dogs
ScottishDeerhound04_31239	European_Dogs	European_Dogs
ScottishDeerhound05_31240	European_Dogs	European_Dogs
ScottishDeerhound06_34132	European_Dogs	European_Dogs
ScottishDeerhound07_34144	European_Dogs	European_Dogs
ScottishDeerhound08_34149	European_Dogs	European_Dogs
ScottishDeerhound09_34151	European_Dogs	European_Dogs
ScottishDeerhound10_34154	European_Dogs	European_Dogs
ScottishDeerhound11_34155	European_Dogs	European_Dogs
ScottishTerrier01_8542	European_Dogs	European_Dogs
ScottishTerrier02_9025	European_Dogs	European_Dogs
ScottishTerrier03	European_Dogs	European_Dogs
ScottishTerrier04	European_Dogs	European_Dogs
ScottishTerrier05_7790	European_Dogs	European_Dogs
ScottishTerrier06_8403	European_Dogs	European_Dogs
ScottishTerrier07_10701	European_Dogs	European_Dogs
ScottishTerrier08_20082	European_Dogs	European_Dogs
ScottishTerrier09_20125	European_Dogs	European_Dogs
ScottishTerrier10_28349	European_Dogs	European_Dogs
ScottishTerrier11_29815	European_Dogs	European_Dogs
SealyhamTerrier01_33230	European_Dogs	European_Dogs
SealyhamTerrier02_33235	European_Dogs	European_Dogs
SealyhamTerrier03_33281	European_Dogs	European_Dogs
SealyhamTerrier04_33334	European_Dogs	European_Dogs
SealyhamTerrier05_33336	European_Dogs	European_Dogs
SealyhamTerrier06_33398	European_Dogs	European_Dogs
SealyhamTerrier07_34153	European_Dogs	European_Dogs
SealyhamTerrier08_34461	European_Dogs	European_Dogs
SealyhamTerrier09_34460	European_Dogs	European_Dogs
SealyhamTerrier10_34462	European_Dogs	European_Dogs
ShetlandSheepdog01_11617	European_Dogs	European_Dogs
ShetlandSheepdog02	European_Dogs	European_Dogs
ShetlandSheepdog03	European_Dogs	European_Dogs
ShetlandSheepdog04_15112	European_Dogs	European_Dogs
ShetlandSheepdog05_16126	European_Dogs	European_Dogs
ShetlandSheepdog06_16127	European_Dogs	European_Dogs
ShetlandSheepdog07_16128	European_Dogs	European_Dogs
ShetlandSheepdog08_20204	European_Dogs	European_Dogs
ShetlandSheepdog09_20265	European_Dogs	European_Dogs
ShetlandSheepdog10_21202	European_Dogs	European_Dogs
ShetlandSheepdog11_21970	European_Dogs	European_Dogs
ShetlandSheepdog12_22484	European_Dogs	European_Dogs
ShetlandSheepdog13_24037	European_Dogs	European_Dogs
ShetlandSheepdog14_24460	European_Dogs	European_Dogs
ShetlandSheepdog15_30371	European_Dogs	European_Dogs
ShetlandSheepdog16	European_Dogs	European_Dogs
ShetlandSheepdog17_26810	European_Dogs	European_Dogs
ShetlandSheepdog18_28494	European_Dogs	European_Dogs
ShibaInu01	East_Asian_Dogs	East_Asian_Dogs
ShibaInu02	East_Asian_Dogs	East_Asian_Dogs
ShibaInu03_15049	East_Asian_Dogs	East_Asian_Dogs
ShibaInu04	East_Asian_Dogs	East_Asian_Dogs
ShihTzu01	East_Asian_Dogs	East_Asian_Dogs
ShihTzu02_3192	East_Asian_Dogs	East_Asian_Dogs
Shikoku01_31257	East_Asian_Dogs	East_Asian_Dogs
SiberianHusky01_14529	Arctic_Dogs	Arctic_Dogs
SiberianHusky02	Arctic_Dogs	Arctic_Dogs
SiberianHusky04	Arctic_Dogs	Arctic_Dogs
SiberianHusky05	Arctic_Dogs	Arctic_Dogs
SideStripedJackal01	Wolves	Outgroup
SilkyTerrier01_6209	European_Dogs	European_Dogs
SilkyTerrier02_7299	European_Dogs	European_Dogs
SilkyTerrier03_13190	European_Dogs	European_Dogs
SkyeTerrier01_33239	European_Dogs	European_Dogs
SkyeTerrier02_33346	European_Dogs	European_Dogs
Sloughi01	African_NearEast_India_Dogs	African_NearEast_India_Dogs
Sloughi02	African_NearEast_India_Dogs	African_NearEast_India_Dogs
Sloughi03	African_NearEast_India_Dogs	African_NearEast_India_Dogs
Sloughi04	African_NearEast_India_Dogs	African_NearEast_India_Dogs
SmallMunsterlander01_31612	European_Dogs	European_Dogs
SmallMunsterlander02_31614	European_Dogs	European_Dogs
SmoothFoxTerrier01_7935	European_Dogs	European_Dogs
SmoothFoxTerrier02_29481	European_Dogs	European_Dogs
SmoothFoxTerrier03_30235	European_Dogs	European_Dogs
SmoothFoxTerrier04_30263	European_Dogs	European_Dogs
SmoothFoxTerrier05_33294	European_Dogs	European_Dogs
SmoothFoxTerrier06_30262	European_Dogs	European_Dogs
SoftCoatedWheatenTerrier01	European_Dogs	European_Dogs
SoftCoatedWheatenTerrier02	European_Dogs	European_Dogs
SoftCoatedWheatenTerrier03	European_Dogs	European_Dogs
SoftCoatedWheatenTerrier04	European_Dogs	European_Dogs
SoftCoatedWheatenTerrier05_13025	European_Dogs	European_Dogs
SoftCoatedWheatenTerrier06_13026	European_Dogs	European_Dogs
SoftCoatedWheatenTerrier07_13027	European_Dogs	European_Dogs
SpanishGalgo01	European_Dogs	European_Dogs
SpanishWaterDog01	European_Dogs	European_Dogs
SpinoneItaliano01	European_Dogs	European_Dogs
SpinoneItaliano02_937	European_Dogs	European_Dogs
SpinoneItaliano03_30560	European_Dogs	European_Dogs
SpinoneItaliano04_30561	European_Dogs	European_Dogs
SpinoneItaliano05_31638	European_Dogs	European_Dogs
SpinoneItaliano06_31641	European_Dogs	European_Dogs
SpinoneItaliano07_31645	European_Dogs	European_Dogs
SpinoneItaliano08	European_Dogs	European_Dogs
Stabyhoun01_33193	European_Dogs	European_Dogs
StaffordshireBullTerrier01_27211	European_Dogs	European_Dogs
StaffordshireBullTerrier02_30237	European_Dogs	European_Dogs
StaffordshireBullTerrier03_30240	European_Dogs	European_Dogs
StandardPoodle01	European_Dogs	European_Dogs
StandardPoodle02	European_Dogs	European_Dogs
StandardPoodle03	European_Dogs	European_Dogs
StandardPoodle04	European_Dogs	European_Dogs
StandardPoodle05	European_Dogs	European_Dogs
StandardPoodle06	European_Dogs	European_Dogs
StandardPoodle07	European_Dogs	European_Dogs
StandardPoodle08	European_Dogs	European_Dogs
StandardSchnauzer01	European_Dogs	European_Dogs
StandardSchnauzer02	European_Dogs	European_Dogs
StandardSchnauzer03	European_Dogs	European_Dogs
StandardSchnauzer04	European_Dogs	European_Dogs
StandardSchnauzer05	European_Dogs	European_Dogs
StandardSchnauzer06	European_Dogs	European_Dogs
StandardSchnauzer07	European_Dogs	European_Dogs
StdManchesterTerrier01_33437	European_Dogs	European_Dogs
StdManchesterTerrier02_33490	European_Dogs	European_Dogs
StdManchesterTerrier03_33491	European_Dogs	European_Dogs
StdManchesterTerrier04_33492	European_Dogs	European_Dogs
StdManchesterTerrier05_33518	European_Dogs	European_Dogs
StdManchesterTerrier06_33540	European_Dogs	European_Dogs
SussexSpaniel01_6098	European_Dogs	European_Dogs
SussexSpaniel02_7640	European_Dogs	European_Dogs
SussexSpaniel03_7643	European_Dogs	European_Dogs
SussexSpaniel04_954	European_Dogs	European_Dogs
SussexSpaniel05_5896	European_Dogs	European_Dogs
SussexSpaniel06_5905	European_Dogs	European_Dogs
SwedishLapphund01	European_Dogs	European_Dogs
SwedishVallhund01_10043	European_Dogs	European_Dogs
TeddyRooseveltTerrier01_24735	European_Dogs	European_Dogs
TeddyRooseveltTerrier02_24776	European_Dogs	European_Dogs
TeddyRooseveltTerrier03_24777	European_Dogs	European_Dogs
TibetanMastiff01	East_Asian_Dogs	East_Asian_Dogs
TibetanMastiff02	East_Asian_Dogs	East_Asian_Dogs
TibetanMastiff03	East_Asian_Dogs	East_Asian_Dogs
TibetanMastiff04	East_Asian_Dogs	East_Asian_Dogs
TibetanMastiff05	East_Asian_Dogs	East_Asian_Dogs
TibetanMastiff06	East_Asian_Dogs	East_Asian_Dogs
TibetanMastiff07	East_Asian_Dogs	East_Asian_Dogs
TibetanMastiff08	East_Asian_Dogs	East_Asian_Dogs
TibetanMastiff09	East_Asian_Dogs	East_Asian_Dogs
TibetanMastiff10	East_Asian_Dogs	East_Asian_Dogs
TibetanMastiff11	East_Asian_Dogs	East_Asian_Dogs
TibetanSpaniel01	East_Asian_Dogs	East_Asian_Dogs
TibetanSpaniel02	East_Asian_Dogs	East_Asian_Dogs
TibetanSpaniel03	East_Asian_Dogs	East_Asian_Dogs
TibetanSpaniel04	East_Asian_Dogs	East_Asian_Dogs
TibetanSpaniel05	East_Asian_Dogs	East_Asian_Dogs
TibetanSpaniel06	East_Asian_Dogs	East_Asian_Dogs
TibetanSpaniel07	East_Asian_Dogs	East_Asian_Dogs
TibetanSpaniel08	East_Asian_Dogs	East_Asian_Dogs
TibetanSpaniel09	East_Asian_Dogs	East_Asian_Dogs
TibetanSpaniel10	East_Asian_Dogs	East_Asian_Dogs
TibetanSpaniel11	East_Asian_Dogs	East_Asian_Dogs
TibetanSpaniel12_30674	East_Asian_Dogs	East_Asian_Dogs
TibetanSpaniel13_31251	East_Asian_Dogs	East_Asian_Dogs
TibetanSpaniel14_5381	East_Asian_Dogs	East_Asian_Dogs
TibetanTerrier01	East_Asian_Dogs	East_Asian_Dogs
TibetanTerrier02	East_Asian_Dogs	East_Asian_Dogs
TibetanTerrier03	East_Asian_Dogs	East_Asian_Dogs
TibetanTerrier04	East_Asian_Dogs	East_Asian_Dogs
TibetanTerrier05	East_Asian_Dogs	East_Asian_Dogs
TibetanTerrier06	East_Asian_Dogs	East_Asian_Dogs
TimberWolf01	Wolves	North_American_Wolves
Tornjak01	European_Dogs	European_Dogs
TosaInu01_21914	East_Asian_Dogs	East_Asian_Dogs
TosaInu02_25491	East_Asian_Dogs	East_Asian_Dogs
ToyFoxTerrier01_8963	European_Dogs	European_Dogs
ToyFoxTerrier02_8969	European_Dogs	European_Dogs
ToyFoxTerrier03_8973	European_Dogs	European_Dogs
ToyFoxTerrier04_13139	European_Dogs	European_Dogs
ToyFoxTerrier05_13287	European_Dogs	European_Dogs
ToyFoxTerrier06_13289	European_Dogs	European_Dogs
ToyFoxTerrier07_9014	European_Dogs	European_Dogs
ToyPoodle01_10442	European_Dogs	European_Dogs
ToyPoodle02_24072	European_Dogs	European_Dogs
ToyPoodle03_28359	European_Dogs	European_Dogs
ToyPoodle04	European_Dogs	European_Dogs
TreeingWalkerCoonhound01_23115	European_Dogs	European_Dogs
TreeingWalkerCoonhound02_26987	European_Dogs	European_Dogs
UnknownBreed03	European_Dogs	European_Dogs
UnknownBreed04	European_Dogs	European_Dogs
UnknownBreed05	European_Dogs	European_Dogs
UnknownBreed07	European_Dogs	European_Dogs
UnknownBreed09	European_Dogs	European_Dogs
UnknownBreed10	European_Dogs	European_Dogs
UnknownBreed11	European_Dogs	European_Dogs
UnknownBreed12	European_Dogs	European_Dogs
UnknownBreed13	European_Dogs	European_Dogs
UnknownBreed14	European_Dogs	European_Dogs
UnknownBreed15	European_Dogs	European_Dogs
UnknownBreed16	European_Dogs	European_Dogs
UnknownBreed17	European_Dogs	European_Dogs
UnknownBreed18	European_Dogs	European_Dogs
UnknownBreed19	European_Dogs	European_Dogs
UnknownBreed20	European_Dogs	European_Dogs
UnknownBreed21	European_Dogs	European_Dogs
UnknownBreed22	European_Dogs	European_Dogs
UnknownBreed23	European_Dogs	European_Dogs
UnknownBreed24	European_Dogs	European_Dogs
UnknownBreed25	European_Dogs	European_Dogs
UnknownBreed26	European_Dogs	European_Dogs
UnknownBreed27	European_Dogs	European_Dogs
UnknownBreed28	European_Dogs	European_Dogs
UnknownBreed29	European_Dogs	European_Dogs
UnknownPoodle01	European_Dogs	European_Dogs
VillDog_Africa01	African_NearEast_India_Dogs	African_NearEast_India_Dogs
VillDog_Australia01	East_Asian_Dogs	East_Asian_Dogs
VillDog_Bali01	East_Asian_Dogs	East_Asian_Dogs
VillDog_Borneo01	East_Asian_Dogs	East_Asian_Dogs
VillDog_Borneo02	East_Asian_Dogs	East_Asian_Dogs
VillDog_Borneo03	East_Asian_Dogs	East_Asian_Dogs
VillDog_China01	East_Asian_Dogs	East_Asian_Dogs
VillDog_China02	East_Asian_Dogs	East_Asian_Dogs
VillDog_China03	East_Asian_Dogs	East_Asian_Dogs
VillDog_China04	East_Asian_Dogs	East_Asian_Dogs
VillDog_China05	East_Asian_Dogs	East_Asian_Dogs
VillDog_China06	East_Asian_Dogs	East_Asian_Dogs
VillDog_China07	East_Asian_Dogs	East_Asian_Dogs
VillDog_China08	East_Asian_Dogs	East_Asian_Dogs
VillDog_China09	East_Asian_Dogs	East_Asian_Dogs
VillDog_China10	East_Asian_Dogs	East_Asian_Dogs
VillDog_China11	East_Asian_Dogs	East_Asian_Dogs
VillDog_China12	East_Asian_Dogs	East_Asian_Dogs
VillDog_China13	East_Asian_Dogs	East_Asian_Dogs
VillDog_China14	East_Asian_Dogs	East_Asian_Dogs
VillDog_China15	East_Asian_Dogs	East_Asian_Dogs
VillDog_China16	East_Asian_Dogs	East_Asian_Dogs
VillDog_China17	East_Asian_Dogs	East_Asian_Dogs
VillDog_China18	East_Asian_Dogs	East_Asian_Dogs
VillDog_China19	East_Asian_Dogs	East_Asian_Dogs
VillDog_China20	East_Asian_Dogs	East_Asian_Dogs
VillDog_China21	East_Asian_Dogs	East_Asian_Dogs
VillDog_China22	East_Asian_Dogs	East_Asian_Dogs
VillDog_China23	East_Asian_Dogs	East_Asian_Dogs
VillDog_China24	East_Asian_Dogs	East_Asian_Dogs
VillDog_China25	East_Asian_Dogs	East_Asian_Dogs
VillDog_China26	East_Asian_Dogs	East_Asian_Dogs
VillDog_China27	East_Asian_Dogs	East_Asian_Dogs
VillDog_China28	East_Asian_Dogs	East_Asian_Dogs
VillDog_China29	East_Asian_Dogs	East_Asian_Dogs
VillDog_China30	East_Asian_Dogs	East_Asian_Dogs
VillDog_China31	East_Asian_Dogs	East_Asian_Dogs
VillDog_China32	East_Asian_Dogs	East_Asian_Dogs
VillDog_China33	East_Asian_Dogs	East_Asian_Dogs
VillDog_China34	East_Asian_Dogs	East_Asian_Dogs
VillDog_China35	East_Asian_Dogs	East_Asian_Dogs
VillDog_China36	East_Asian_Dogs	East_Asian_Dogs
VillDog_China37	East_Asian_Dogs	East_Asian_Dogs
VillDog_China38	East_Asian_Dogs	East_Asian_Dogs
VillDog_China39	East_Asian_Dogs	East_Asian_Dogs
VillDog_China40	East_Asian_Dogs	East_Asian_Dogs
VillDog_China41	East_Asian_Dogs	East_Asian_Dogs
VillDog_China42	East_Asian_Dogs	East_Asian_Dogs
VillDog_China43	East_Asian_Dogs	East_Asian_Dogs
VillDog_China44	East_Asian_Dogs	East_Asian_Dogs
VillDog_China45	East_Asian_Dogs	East_Asian_Dogs
VillDog_China46	East_Asian_Dogs	East_Asian_Dogs
VillDog_China47	East_Asian_Dogs	East_Asian_Dogs
VillDog_China48	East_Asian_Dogs	East_Asian_Dogs
VillDog_China49	East_Asian_Dogs	East_Asian_Dogs
VillDog_China50	East_Asian_Dogs	East_Asian_Dogs
VillDog_China51	East_Asian_Dogs	East_Asian_Dogs
VillDog_China52	East_Asian_Dogs	East_Asian_Dogs
VillDog_Egypt01	African_NearEast_India_Dogs	African_NearEast_India_Dogs
VillDog_Egypt02	African_NearEast_India_Dogs	African_NearEast_India_Dogs
VillDog_India01	African_NearEast_India_Dogs	African_NearEast_India_Dogs
VillDog_India02	African_NearEast_India_Dogs	African_NearEast_India_Dogs
VillDog_India03	African_NearEast_India_Dogs	African_NearEast_India_Dogs
VillDog_India04	African_NearEast_India_Dogs	African_NearEast_India_Dogs
VillDog_India05	African_NearEast_India_Dogs	African_NearEast_India_Dogs
VillDog_Lebanon01	African_NearEast_India_Dogs	African_NearEast_India_Dogs
VillDog_Lebanon02	African_NearEast_India_Dogs	African_NearEast_India_Dogs
VillDog_Lebanon03	African_NearEast_India_Dogs	African_NearEast_India_Dogs
VillDog_Namibia01	African_NearEast_India_Dogs	African_NearEast_India_Dogs
VillDog_Namibia02	African_NearEast_India_Dogs	African_NearEast_India_Dogs
VillDog_Namibia03	African_NearEast_India_Dogs	African_NearEast_India_Dogs
VillDog_PapuaNG01	East_Asian_Dogs	East_Asian_Dogs
VillDog_PapuaNG02	East_Asian_Dogs	East_Asian_Dogs
VillDog_PapuaNG03	East_Asian_Dogs	East_Asian_Dogs
VillDog_Portugal01	European_Dogs	European_Dogs
VillDog_Portugal02	European_Dogs	European_Dogs
VillDog_Portugal03	European_Dogs	European_Dogs
VillDog_Qatar01	African_NearEast_India_Dogs	African_NearEast_India_Dogs
VillDog_Qatar02	African_NearEast_India_Dogs	African_NearEast_India_Dogs
VillDog_Taiwan01	East_Asian_Dogs	East_Asian_Dogs
VillDog_Vietnam01	East_Asian_Dogs	East_Asian_Dogs
VillDog_Vietnam02	East_Asian_Dogs	East_Asian_Dogs
VillDog_Vietnam03	East_Asian_Dogs	East_Asian_Dogs
VillDog_Vietnam04	East_Asian_Dogs	East_Asian_Dogs
VillDog_Vietnam05	East_Asian_Dogs	East_Asian_Dogs
VillDog_Vietnam06	East_Asian_Dogs	East_Asian_Dogs
Vizsla01	European_Dogs	European_Dogs
Vizsla02_27015	European_Dogs	European_Dogs
Vizsla03_27073	European_Dogs	European_Dogs
Weimaraner01	European_Dogs	European_Dogs
Weimaraner02_15384	European_Dogs	European_Dogs
Weimaraner03_13307	European_Dogs	European_Dogs
Weimaraner04	European_Dogs	European_Dogs
Weimaraner05	European_Dogs	European_Dogs
WelshSpringerSpaniel01_27011	European_Dogs	European_Dogs
WelshSpringerSpaniel02_30504	European_Dogs	European_Dogs
WelshTerrier01	European_Dogs	European_Dogs
WelshTerrier02_1024	European_Dogs	European_Dogs
WelshTerrier03_22235	European_Dogs	European_Dogs
WelshTerrier04_22244	European_Dogs	European_Dogs
WestHighlandWhiteTerr01	European_Dogs	European_Dogs
WestHighlandWhiteTerr02	European_Dogs	European_Dogs
WestHighlandWhiteTerr03	European_Dogs	European_Dogs
WestHighlandWhiteTerr04	European_Dogs	European_Dogs
WestHighlandWhiteTerr05	European_Dogs	European_Dogs
WestHighlandWhiteTerr06	European_Dogs	European_Dogs
WestHighlandWhiteTerr08	European_Dogs	European_Dogs
WestHighlandWhiteTerr09	European_Dogs	European_Dogs
WestHighlandWhiteTerr10	European_Dogs	European_Dogs
WestHighlandWhiteTerr11	European_Dogs	European_Dogs
WestHighlandWhiteTerr12	European_Dogs	European_Dogs
WestHighlandWhiteTerr13_10023	European_Dogs	European_Dogs
WestHighlandWhiteTerr15_21964	European_Dogs	European_Dogs
WestHighlandWhiteTerr16_21971	European_Dogs	European_Dogs
WestHighlandWhiteTerr17_23537	European_Dogs	European_Dogs
WestHighlandWhiteTerr18_24496	European_Dogs	European_Dogs
WestHighlandWhiteTerr19	European_Dogs	European_Dogs
WestHighlandWhiteTerr20	European_Dogs	European_Dogs
WestHighlandWhiteTerr21	European_Dogs	European_Dogs
WestHighlandWhiteTerr22	European_Dogs	European_Dogs
WestHighlandWhiteTerr23	European_Dogs	European_Dogs
WestHighlandWhiteTerr24	European_Dogs	European_Dogs
WestHighlandWhiteTerr25	European_Dogs	European_Dogs
WestHighlandWhiteTerr26	European_Dogs	European_Dogs
WestHighlandWhiteTerr27	European_Dogs	European_Dogs
WestHighlandWhiteTerr28	European_Dogs	European_Dogs
WestHighlandWhiteTerr29	European_Dogs	European_Dogs
Whippet01	European_Dogs	European_Dogs
Whippet02_27884	European_Dogs	European_Dogs
Whippet03_27897	European_Dogs	European_Dogs
Whippet04	European_Dogs	European_Dogs
WireFoxTerrier01_8391	European_Dogs	European_Dogs
WireFoxTerrier02_11119	European_Dogs	European_Dogs
WirehairedPointingGriffon01_27154	European_Dogs	European_Dogs
WirehairedPointingGriffon02_27155	European_Dogs	European_Dogs
WirehairedPointingGriffon03_27549	European_Dogs	European_Dogs
Wolf01	Wolves	Western_Eurasian_Wolves
Wolf02	Wolves	Western_Eurasian_Wolves
Wolf03	Wolves	Western_Eurasian_Wolves
Wolf04	Wolves	Western_Eurasian_Wolves
Wolf05	Wolves	Eastern_Eurasian_Wolves
Wolf06	Wolves	Western_Eurasian_Wolves
Wolf07	Wolves	Western_Eurasian_Wolves
Wolf08	Wolves	Western_Eurasian_Wolves
Wolf100	Wolves	North_American_Wolves
Wolf101	Wolves	North_American_Wolves
Wolf102	Wolves	North_American_Wolves
Wolf103	Wolves	North_American_Wolves
Wolf104	Wolves	North_American_Wolves
Wolf105	Wolves	North_American_Wolves
Wolf106	Wolves	North_American_Wolves
Wolf107	Wolves	Western_Eurasian_Wolves
Wolf108	Wolves	Western_Eurasian_Wolves
Wolf109	Wolves	Western_Eurasian_Wolves
Wolf110	Wolves	Western_Eurasian_Wolves
Wolf111	Wolves	Outgroup
Wolf112	Wolves	North_American_Wolves
Wolf18	Wolves	North_American_Wolves
Wolf19	Wolves	Eastern_Eurasian_Wolves
Wolf20	Wolves	Western_Eurasian_Wolves
Wolf21	Wolves	Western_Eurasian_Wolves
Wolf22	Wolves	North_American_Wolves
Wolf23	Wolves	North_American_Wolves
Wolf24	Wolves	Western_Eurasian_Wolves
Wolf25	Wolves	North_American_Wolves
Wolf26	Wolves	North_American_Wolves
Wolf27	Wolves	Western_Eurasian_Wolves
Wolf28	Wolves	North_American_Wolves
Wolf29	Wolves	North_American_Wolves
Wolf30	Wolves	Eastern_Eurasian_Wolves
Wolf31	Wolves	Eastern_Eurasian_Wolves
Wolf32	Wolves	Eastern_Eurasian_Wolves
Wolf33	Wolves	Eastern_Eurasian_Wolves
Wolf34	Wolves	Eastern_Eurasian_Wolves
Wolf35	Wolves	Eastern_Eurasian_Wolves
Wolf36	Wolves	Eastern_Eurasian_Wolves
Wolf37	Wolves	Eastern_Eurasian_Wolves
Wolf38	Wolves	Eastern_Eurasian_Wolves
Wolf39	Wolves	Western_Eurasian_Wolves
Wolf40	Wolves	North_American_Wolves
Wolf41	Wolves	North_American_Wolves
Wolf42	Wolves	North_American_Wolves
Wolf43	Wolves	North_American_Wolves
Wolf44	Wolves	North_American_Wolves
Wolf45	Wolves	North_American_Wolves
Wolf46	Wolves	North_American_Wolves
Wolf47	Wolves	Western_Eurasian_Wolves
Wolf48	Wolves	Western_Eurasian_Wolves
Wolf49	Wolves	Western_Eurasian_Wolves
Wolf50	Wolves	Western_Eurasian_Wolves
Wolf51	Wolves	Western_Eurasian_Wolves
Wolf52	Wolves	Western_Eurasian_Wolves
Wolf53	Wolves	Western_Eurasian_Wolves
Wolf54	Wolves	Western_Eurasian_Wolves
Wolf55	Wolves	Western_Eurasian_Wolves
Wolf56	Wolves	Western_Eurasian_Wolves
Wolf57	Wolves	North_American_Wolves
Wolf58	Wolves	North_American_Wolves
Wolf59	Wolves	North_American_Wolves
Wolf60	Wolves	North_American_Wolves
Wolf61	Wolves	North_American_Wolves
Wolf62	Wolves	North_American_Wolves
Wolf63	Wolves	North_American_Wolves
Wolf64	Wolves	North_American_Wolves
Wolf65	Wolves	North_American_Wolves
Wolf66	Wolves	North_American_Wolves
Wolf67	Wolves	North_American_Wolves
Wolf68	Wolves	North_American_Wolves
Wolf69	Wolves	North_American_Wolves
Wolf70	Wolves	Eastern_Eurasian_Wolves
Wolf71	Wolves	Eastern_Eurasian_Wolves
Wolf72	Wolves	Eastern_Eurasian_Wolves
Wolf73	Wolves	Eastern_Eurasian_Wolves
Wolf74	Wolves	Eastern_Eurasian_Wolves
Wolf75	Wolves	Eastern_Eurasian_Wolves
Wolf76	Wolves	Eastern_Eurasian_Wolves
Wolf77	Wolves	Eastern_Eurasian_Wolves
Wolf78	Wolves	Eastern_Eurasian_Wolves
Wolf79	Wolves	Eastern_Eurasian_Wolves
Wolf80	Wolves	Eastern_Eurasian_Wolves
Wolf81	Wolves	Eastern_Eurasian_Wolves
Wolf82	Wolves	Eastern_Eurasian_Wolves
Wolf83	Wolves	Eastern_Eurasian_Wolves
Wolf84	Wolves	Eastern_Eurasian_Wolves
Wolf85	Wolves	Eastern_Eurasian_Wolves
Wolf86	Wolves	Eastern_Eurasian_Wolves
Wolf87	Wolves	Eastern_Eurasian_Wolves
Wolf88	Wolves	Eastern_Eurasian_Wolves
Wolf89	Wolves	Eastern_Eurasian_Wolves
Wolf90	Wolves	Eastern_Eurasian_Wolves
Wolf91	Wolves	North_American_Wolves
Wolf92	Wolves	North_American_Wolves
Wolf93	Wolves	North_American_Wolves
Wolf94	Wolves	North_American_Wolves
Wolf95	Wolves	North_American_Wolves
Wolf96	Wolves	North_American_Wolves
Wolf97	Wolves	North_American_Wolves
Wolf98	Wolves	North_American_Wolves
Wolf99	Wolves	North_American_Wolves
WolfTibetan01	Wolves	Eastern_Eurasian_Wolves
WolfTibetan02	Wolves	Eastern_Eurasian_Wolves
WolfTibetan03	Wolves	Eastern_Eurasian_Wolves
WolfTibetan04	Wolves	Eastern_Eurasian_Wolves
WolfTibetan05	Wolves	Eastern_Eurasian_Wolves
WolfTibetan06	Wolves	Eastern_Eurasian_Wolves
WolfTibetan07	Wolves	Eastern_Eurasian_Wolves
WolfTibetan08	Wolves	Eastern_Eurasian_Wolves
Wolf_WO001_895	Wolves	North_American_Wolves
Wolf_WO002_732	Wolves	North_American_Wolves
Wolf_WO003_636	Wolves	North_American_Wolves
XiasiDog01	East_Asian_Dogs	East_Asian_Dogs
Xoloitzcuintli01	Americas_Dogs	Americas_Dogs
Xoloitzcuintli02_30509	Americas_Dogs	Americas_Dogs
Xoloitzcuintli03_34496	Americas_Dogs	Americas_Dogs
YorkshireTerrier01	European_Dogs	European_Dogs
YorkshireTerrier02	European_Dogs	European_Dogs
YorkshireTerrier03	European_Dogs	European_Dogs
YorkshireTerrier05	European_Dogs	European_Dogs
YorkshireTerrier06	European_Dogs	European_Dogs
YorkshireTerrier08	European_Dogs	European_Dogs
YorkshireTerrier09	European_Dogs	European_Dogs
YorkshireTerrier11	European_Dogs	European_Dogs
YorkshireTerrier12	European_Dogs	European_Dogs
YorkshireTerrier13	European_Dogs	European_Dogs
YorkshireTerrier14	European_Dogs	European_Dogs
YorkshireTerrier15	European_Dogs	European_Dogs
YorkshireTerrier16	European_Dogs	European_Dogs
YorkshireTerrier17	European_Dogs	European_Dogs
YorkshireTerrier18	European_Dogs	European_Dogs
YorkshireTerrier19	European_Dogs	European_Dogs
YorkshireTerrier21	European_Dogs	European_Dogs
YorkshireTerrier22	European_Dogs	European_Dogs
YorkshireTerrier23	European_Dogs	European_Dogs
YorkshireTerrier24	European_Dogs	European_Dogs
YorkshireTerrier25	European_Dogs	European_Dogs
YorkshireTerrier26	European_Dogs	European_Dogs
YorkshireTerrier27	European_Dogs	European_Dogs
YorkshireTerrier28	European_Dogs	European_Dogs
YorkshireTerrier29	European_Dogs	European_Dogs
YorkshireTerrier30	European_Dogs	European_Dogs
YorkshireTerrier31	European_Dogs	European_Dogs
YorkshireTerrier32	European_Dogs	European_Dogs
YorkshireTerrier33	European_Dogs	European_Dogs
YorkshireTerrier34	European_Dogs	European_Dogs
YorkshireTerrier35	European_Dogs	European_Dogs
YorkshireTerrier36	European_Dogs	European_Dogs
YorkshireTerrier37	European_Dogs	European_Dogs
YorkshireTerrier38	European_Dogs	European_Dogs
YorkshireTerrier39	European_Dogs	European_Dogs
YorkshireTerrier40	European_Dogs	European_Dogs
YorkshireTerrier41	European_Dogs	European_Dogs
YorkshireTerrier42	European_Dogs	European_Dogs
YorkshireTerrier43	European_Dogs	European_Dogs
YorkshireTerrier44	European_Dogs	European_Dogs
YorkshireTerrier45	European_Dogs	European_Dogs
YorkshireTerrier46	European_Dogs	European_Dogs
YorkshireTerrier47	European_Dogs	European_Dogs
YorkshireTerrier48	European_Dogs	European_Dogs
YorkshireTerrier49	European_Dogs	European_Dogs
YorkshireTerrier50	European_Dogs	European_Dogs
YorkshireTerrier51	European_Dogs	European_Dogs
YorkshireTerrier52	European_Dogs	European_Dogs
YorkshireTerrier53	European_Dogs	European_Dogs
YorkshireTerrier54	European_Dogs	European_Dogs
YorkshireTerrier55	European_Dogs	European_Dogs
YorkshireTerrier56	European_Dogs	European_Dogs
YorkshireTerrier57	European_Dogs	European_Dogs
YorkshireTerrier58	European_Dogs	European_Dogs
YorkshireTerrier59	European_Dogs	European_Dogs
YorkshireTerrier62	European_Dogs	European_Dogs
YorkshireTerrier63	European_Dogs	European_Dogs
YorkshireTerrier64	European_Dogs	European_Dogs
YorkshireTerrier65	European_Dogs	European_Dogs
YorkshireTerrier66	European_Dogs	European_Dogs
YorkshireTerrier67	European_Dogs	European_Dogs
YorkshireTerrier68	European_Dogs	European_Dogs
YorkshireTerrier69	European_Dogs	European_Dogs
YorkshireTerrier70	European_Dogs	European_Dogs
YorkshireTerrier71	European_Dogs	European_Dogs
YorkshireTerrier72	European_Dogs	European_Dogs
YorkshireTerrier73	European_Dogs	European_Dogs
YorkshireTerrier74	European_Dogs	European_Dogs
YorkshireTerrier75	European_Dogs	European_Dogs
YorkshireTerrier76_14941	European_Dogs	European_Dogs
YorkshireTerrier77_14954	European_Dogs	European_Dogs
